施設名,郵便番号,住所,電話番号,産科、婦人科又は産婦人科の標榜の有無,医療機関における緊急避妊にかかる対面診療への対応可能時間帯
医療法人瑞称会くれはの里レディースクリニック,563-0022,大阪府池田市旭丘2-4-17,072-748-1122,有,9:30-12:30(火・水・木・土)15:30-19:00(月・火・木・
箕面市立病院,562-0014,大阪府箕面市萱野5-7-1,072-728-2001,有,平日・土日祝日 0:00-23:59
共立さわらぎ産婦人科,562-0025,大阪府箕面市粟生外院6-3-5,072-726-1103,有,平日9:00-19:00、土曜9:00-16:00
松崎産婦人科クリニック,563-0055,大阪府池田市菅原町3-1ステーションN2階202号ー2,072-750-2025,産婦人科で有,平日9:00-12:00、16:30-19:30、土曜9:00-12:00
川口レディースクリニック,563-0048,大阪府池田市呉服町1-1サンシティ池田305,072-753-5888,有,月-土9:00-12:00、月、木14:30-17:30、火、金17:00-20:00
医療法人徳洲会吹田徳洲会病院,565-0814,大阪府吹田市千里丘西21-1,06-6878-1110,有,平日 9:00-17:00土曜 9:00-12:00
大阪府済生会吹田病院,564-0013,大阪府吹田市川園町1-2,06-6382-1521,有,日勤、当直(24時間可能)
大阪府済生会千里病院,565-0862,大阪府吹田市津雲台1丁目1-6,06-6871-0121,有,平日 9:00-17:00土曜 9:00-12:00※院外処方対応のみ
市立吹田市民病院,564-8567,大阪府吹田市岸部新町5-7,06-6387-3311,有,平日 8:30-11:00
医療法人ボンヌサンテ宇田レディースクリニック,565-0854,大阪府吹田市桃山台5丁目2-3アザール桃山台3階,06-6833-0558,有,月・火・水・金曜9:00-12:00、16:00-19:00土曜 9:00-12:00
飯藤産婦人科,564-0041,大阪府吹田市泉町5丁目6-6,06-6388-0141,有,月~土曜 9:00-13:00月・水・金曜 17:30-19:30
いとうレディースクリニック,565-0844,大阪府吹田市千里山霧が丘1-5-101,06-6369-7333,有,平日 9:00-12:30、15:00-19:00土曜 9:00-16:00
医療法人社団公仁会城クリニック,564-0031,大阪府吹田市元町26-10,06-6381-2281,有,月~土曜 9:00-12:00月曜 13:00-19:00火・水・金曜 16:30-19:00
医療法人琢生会神田マタニティクリニック,564-0063,大阪府吹田市江坂町3丁目31-5,06-6330-1135,有,月~金曜9:00-12:00、17:00-19:00土曜 9:00-12:00、14:00-16:00
医療法人琢生会神田マタニティクリニック分院,564-0053,大阪府吹田市江の木町5-26プラトゥビル3階,06-6339-7241,有,月・火・水・金・土曜9:30-13:00月・金曜 14:30-16:30月・水曜 17:30-20:00
医療法人優美会吉井クリニック,564-0051,大阪府吹田市豊津町1-21エサカ中央ビル5階,06-6388-0110,有,月・火・水・金・土曜10:00-13:00月・火・水・金曜 15:00-19:00
加藤レディースクリニック,565-0862,大阪府吹田市津雲台5丁目19-18千里つくも医療ビル2階,06-6871-1010,有,月・火・水・金・土曜9:00-12:00月・火・金曜 17:30-19:30
かまちレディースクリニック,565-0855,大阪府吹田市佐竹台1丁目4-1クリニックモール南千里 201号,06-6170-9129,有,月・火・木・金曜9:00-12:00、15:30-18:30水・土曜 9:00-12:00
医療法人玉樹会 玉田レディースクリニック,564-0018,大阪府吹田市岸部新町5-25健都メディカルビル2階,06-4860-6622,有,月・火・金曜9:30-13:00、16:00-19:30木曜 16:00-19:30土曜 9:00-14:30
西田ヒロ子クリニック,564-0063,大阪府吹田市江坂町1丁目21-39-303土泰第一ビル3階,06-6380-1651,有,月~土曜 9:30-13:00月・火・木・金曜16:00-19:00
林田レディースクリニック,565-0874,大阪府吹田市吉江台4丁目2-60北千里医療ビル5階,06-4863-5773,有,月・火・水・金曜9:30-12:00、14:00-17:00土曜 9:30-12:00
みさき医院,564-0011,大阪府吹田市岸部南2丁目1-6,06-6381-6022,有,月・火・水・金曜9:00-12:00、17:00-19:00土曜 9:00-12:00
吉本婦人科クリニック,564-0082,大阪府吹田市片山町1丁目3-5シルバーマンションII2階,06-6337-0260,有,平日 9:00-12:30、16:00-17:00土曜 9:00-13:00
医療法人 恵仁会 田中病院,567-0861,大阪府茨木市東奈良3-16-31,072-635-5831,有,平日 9:00から12:3017:30~19:30土曜 9:00~12:30
医療法人恒昭会 藍野病院,567-0011,大阪府大阪府茨木市高田町11番18号,072-627-7611,有,月(13:30~15:30)水( 9:00~12:00)金(13:30~15:30)
医療法人和倉会 サンタマリア病院,567-0884,大阪府茨木市新庄町13-15,072-627-3459,有,月~土:9:00~12:00月・火・木・金:14:00~17:00
社会福祉法人恩賜財団大阪府支部大阪府済生会茨木病院,567-0035,大阪府茨木市見付山2-1-45,567-0035,有,平日 9:00~17:00土曜日 9:00~12:30(第三土曜日を除く)
友紘会総合病院,567-0058,大阪府茨木市西豊川町25番1,072-641-2488,有,平日:9:00~17:00土日祝:9:00~12:00
医療法人 大崎医院,567-0817,大阪府茨木市別院町7番33号,072-624-5087,有,"平日:9:00~12:30,17:00~19:30水・土:午前のみ"
医療法人 加藤産婦人科クリニック,618-0014,大阪府三島郡島本町水無瀬1丁目14-13,075-962-3355,有,緊急時は24時間
医療法人輝ジュンレディースクリニック千里丘,566-0001,大阪府摂津市千里丘2丁目15番16号,06-6330-3203,有,24時間
医療法人橘井会 江川産婦人科医院,567-0801,大阪府茨木市総持寺2丁目1番5号,072-625-3675,有,月・水・金:9:00~12:00、17:00~19:30火・木・土:9:00~12:00
医療法人稲風会 鈴木医院,567-0888,大阪府茨木市駅前3丁目5番21号,072-624-1113,有,月~土:9:00~12:30火・木・土:13:00~14:45月・木・金:17:30~19:15
奥田産婦人科,567-0815,大阪府茨木市竹橋町15番8号,072-622-5253,有,平日:9:00~12:00、17:00~20:00
きどレディースクリニック,567-0828,大阪府茨木市舟木町15番6号,072-635-6366,有,月・火・木~土:9:00~12:30月・水・金:16:30~18:30火:15:00~17:30
学校法人関西医科大学関西医科大学総合医療センター,570-8507,守口市文園町10番15号,06-6992-1001,有,平日 8:30~11:30
医療法人慈心会栗林クリニック,571-0057,門真市元町4-5,06-6909-2060,有,月水金   9:30~12:3017:00~19:00木土    9:30~12:30
医療法人飯藤産婦人科,571-0030,門真市末広町2-7,06-6909-0815,有,平日 9:00~13:3018:00~20:00土   9:00~13:00
医療法人神谷産婦人科医院,571-0046,門真市本町25番8号,06-6908-5156,有,月火金 9:00~19:00水 9:00~13:00  17:00~19:00土 9:00~15:00
金子産婦人科,571-0068,門真市大倉町6番14号,06-6901-3631,有,月~土 9:00~12:00月・水・金 14:00~17:00火・木 17:00~19:00
桑名クリニック,570-0076,守口市滝井西町1-5-5,06-6993-0785,有,月火木金土 10:00~12:0017:00~19:00水        17:00~19:00
医療法人徳洲会 野崎徳洲会病院,574-0074,大東市谷川2丁目10番50号,072-874-1641,有,月・火・水・金 9:00~17:00木 9:00~12:00
医療法人仁久会 藤原産婦人科,576-0042,交野市梅が枝44番3号,072-892-0341,有,月・火・木・金・土 9:00~12:00
医療法人はと産婦人科,576-0022,交野市藤が尾4丁目3-16,072-891-4103,有,月~金 9:00~12:00月・火・木・金 17:00~20:00
天の川レディースクリニック,576-0041,交野市私部西2丁目3番15号,072-892-1124,有,予約制月・火・水(第1、3)・金・土9:30~12:15月 16:30~19:15金 16:30~18:15
医療法人 たかばたけウィメンズクリニック,574-0033,大東市扇町4番18号,072-873-6671,有,月~土 9:00~12:30月・火・木・金 16:30~19:30
医療法人 小林医院 (HPには小林産婦人科クリニックと記載),574-0046,大東市赤井2丁目2番20号,072-872-0268,有,24時間対応可能。ただし分娩がある場合は診察時間外不可の場合もある。
医療法人三和会 福田産婦人科医院,575-0002,四條畷市岡山1丁目4-7,072-862-0621,有,月~土 9:00~12:00月~金 18:00~20:00
ふくだクリニック,575-0051,四條畷市中野本町8-39,072-862-1156,有,月~土 8:30~12:00月・木・金 16:30~19:30
江藤クリニック,583-0861,羽曳野市西浦1242番6号,072-956-8881,有,月火水木金土 9:00~13:00月火木金 17:00~20:00
いしどレディースクリニック,583-0885,羽曳野市南恵我之荘1丁目1番29号,072-959-7123,有,月火木土 8:30~13:00水 8:30~12:00月火水木 17:00~19:30
医療法人光仁幸会 西本産婦人科,580-0016,松原市上田3-7-25,072-331-0512,有,月火水金土 9:00~12:00月火水金 16:30~19:30
医療法人平成会平松産婦人科クリニック,583-0024,藤井寺市藤井寺1-6-1,072-955-8881,有,月火水木金土 9:00~13:00月火木金 17:00~20:00
医療法人 船内クリニック,583-0024,藤井寺市藤井寺1-9-8,072-955-0678,有,月火水木金 9:00~12:00月火水木 17:00~19:00
岡本産婦人科医院,582-0006,柏原市清洲2丁目3-41,072-972-1110,有,月火水金土 9:30~12:00月火水金 14:00~18:00
市立柏原病院,582-0005,柏原市法善寺1-7-9,072-972-0885,有,平日9:00-16:00
PL病院,584-8585,大阪府富田林市新堂2204,0721-24-3100,有,24時間
独立行政法人国立病院機構 大阪南医療センター,586-8521,大阪府河内長野市木戸東町2番1号,0721-53-5761,有,平日8:30-11:00
医療法人てらにしレディースクリニック,589-0008,大阪府大阪狭山市池尻自由丘1丁目2-1,072-367-0666,有,月~土9:00-12:00、月~木土14:00-16:00、月木17:00-19:00
医療法人英駿会斉藤ウィメンズクリニック,584-0074,大阪府富田林市久野喜台1-17-8,0721-40-1151,有,月火水金9:00-12:30、17:00-19:30、木土9:00-12:30
医療法人澤井産婦人科澤井レディースクリニック,584-0005,大阪府富田林市喜志町3-1-22,0721-26-3001,有,24時間
医療法人典彰会あやレディースクリニック,584-0086,大阪府富田林市津々山台2丁目10-1-101,0721-28-1088,有,月火木8:30-12:00、16:30-19:30、金土8:30-12:00
たけい産婦人科クリニック,584-0071,大阪府富田林市藤沢台1-4-1,0721-28-4103,有,平日9:30-21:30、17:00-19:30、土9:30-13:00
ナカノレディスクリニック,586-0091,大阪府河内長野市北貴望ヶ丘3-20,0721-53-1635,有,月水金9:00-12:00、17:00-20:00、火土9:00-12:00
医療法人老木レディスクリニック2,594-1157,和泉市あゆみ野一丁目4番1号,0725-51-0111,有,平常外来診察時間内
清水産婦人科医院,594-0013,和泉市鶴山台2丁目1番地 3号棟104号,0725-43-5410,有,診療時間内
ふみのレディースクリニック,594-0041,和泉市いぶき野五丁目1-2 PIVO和泉中央2F,0725-56-7031,有,月・火・木・金・土AM9:30~11:30 PM15:00~17:30※土曜日AMのみ 水・日・祝休診
まんだいレディースクリニック,594-0076,和泉市肥子町1丁目10-37 みどりビル3F,0725-40-6088,有,平日9:00~12:30 16:00~18:30木・土 9:00~12:30
医療法人蒼鷹会川島クリニック,595-0024,泉大津市池浦町四丁目5番41号,0725-23-5600,有,月火金9:15~12:00 16:00~18:00
清水レディースクリニック,595-0026,泉大津市東雲町3-8,0725-20-0170,有,9:00~12:00 17:00~19:00水曜休診 土曜9:00~12:00
医療法人沢田レディースクリニック,592-0005,高石市千代田1丁目26番19号,072-267-5200,有,平日(水以外)9:00~12:00 17:00~19:00土曜日 9:00~12:00
医療法人育佑会石田医院,592-0002,高石市羽衣1丁目10番11号,072-261-1313,有,"(月・火・水・金)9:00~12:00, 16:30~19:30(土)9:00~12:00"
八木レディースクリニック,595-0805,泉北郡忠岡町忠岡東1丁目22番39号,0725-20-0312,有,月火水金土:9:00~12:00月火水金:16:00~18:30
泉大津市立病院,595-0027,泉大津市下条町16-1,0725-32-5622,有,平日8:30~16:30
社会医療法人啓仁会咲花病院,594-1105,和泉市のぞみ野1-3-30,0725-55-1919,有,平日 9:00~17:00土曜日 9:00~12:00
市立貝塚病院,597-0015,大阪府貝塚市堀3丁目10番20号,072-422-5865,有,受付時間:平日8:30-15:00土曜日8:30-11:00診療時間:平日9:00-17:00土曜日9:00-12:00
市立岸和田市民病院,596-8501,大阪府岸和田市額原町1001,072-445-1000,有,24時間可
医療法人秋桜会おさきマタニティクリニック,597-0015,大阪府貝塚市堀2丁目19番15号,072-423-1103,有,診察時間内
あかね・レディースクリニック,597-0082,大阪府貝塚市石才552,072-436-3541,有,24時間
久松マタニティークリニック,596-0076,大阪府岸和田市野田町1-11-1,072-422-3006,有,平日  9:00-12:00土曜日 9:00-12:00水・金曜日 17:30-19:30
浦川産婦人科,596-0821,大阪府岸和田市小松里町461-9,072-445-0525,有,平日8:50-12:50/16:50-19:50土曜8:50-12:50
岸和田徳洲会病院,596-8522,岸和田市加守町4-27-1,072-445-9915,有,平日8:00-16:30土曜日8:00-11:30
医療法人定生会 谷口病院,598-0043,大阪府泉佐野市大西1-5-20,072-463-3232,有,24時間
医療法人 笠松産婦人科・小児科,599-0211,大阪府阪南市鳥取中192-2,072-471-3222,有,診察時間内
みむらレディースケアクリニック,590-0451,大阪府泉南郡熊取町野田3-353-4,072-451-0377,有,平日 9:00-12:0017:00-19:00土曜 9:00-12:00
辻レディースクリニック,599-0203,大阪府阪南市黒田590サンギャラリー2F,072-470-0125,有,"月,水,金 9:00-12:0016:00-19:00火,土,日 9:00-12:00"
医療法人きらめき会ながまつレディースクリニック,599-0204,大阪府阪南市鳥取628-1,072-472-3788,有,基本:診察時間内その他の時間要連絡
医療法人井阪会 レオゲートタワーレディースクリニック,598-0048,大阪府泉佐野市りんくう往来北1 りんくうゲートタワービル18階,072-460-2800,有,"平日,土,祝日 9:00-12:30月,火,木,金 16:30⊶19:30"
愛染橋病院,556-0005,大阪市浪速区日本橋5-16-15,06-6633-2801,有,平日8:30~15:00、土曜日8:30~11:00
奥野病院,545-0001,大阪市阿倍野区天王寺町北2-31-4,06-6719-2200,有,月~土:9:00-12:00金17:00-19:00
大阪府済生会中津病院,530-0012,大阪市北区芝田2-10-39,06-6372-0333,有,平日9:00-17:00
社会医療法人愛仁会 千船病院,555-0034,大阪市西淀川区福町3-2-39,06-6471-9541,有,平日 9:00~17:00
地方独立行政法人大阪府立病院機構大阪急性期・総合医療センター,558-8558,大阪府大阪市住吉区万代東3-1-56,06-6692-1201,有,平日(通常):8:30~11:00平日(緊急):11:00~17:00平日(時間外):17:00~翌日9:00休診日:9:00~翌日9:00
大阪暁明館病院,554-0012,大阪市此花区西九条5-4-8,06-6462-0261,有,平日8:30-15:00土8:30-11:30
大阪市立十三市民病院,532-0034,大阪市淀川区野中北2-12-27,06-6150-8000,有,平日8:45~17:15
医療法人飯島会産科婦人科飯島病院,542-0082,大阪市中央区島之内2-15-4,06-6211-4114,有,平日 9:00~13:00 17:00~20:00土曜 9:00~13:00
医療法人愛賛会浜田病院,547-0024,大阪市平野区瓜破1-6-9,06-6708-7200,有,月~土9:00-11:30月~土14:00-15:30水17:00-19:00
なにわ生野病院,556-0014,大阪府大阪市浪速区大国1丁目10-3,06-6632-9915,有,火・金曜日9:00~12:00、水・金曜日14:00~17:00
社会医療法人 協和会加納総合病院,531-0041,大阪市北区天神橋7-5-15,06-6351-5381,有,月・火・水・木・金 9:00-11:30
関西電力病院,553-0003,大阪市福島区福島2-1-7,06-6458-5821,有,平日 9:00~17:00夜間および土・日・祝の当直帯においては当直医により専門領域が異なるため事前に電話確認要。
医療法人国崇会北中レディースクリニック,530-0001,大阪市北区梅田2丁目2番2号ヒルトンプラザウエスト4F,06-6348-1404,有,月水木金土祝11:00-13:30月火水木金土祝15:00-20:00
志村ウィメンズクリニック,530-0017,大阪市北区角田町8番47号阪急グランドビル22階,06-6316-1132,有,月火水木金土 9:00-12:30月火水金 16:00-19:30
ふくだあやレディースクリニック・ひろつぐ出生前診断クリニック,530-0038,大阪市北区紅梅町1番6号カザリーノビル1階,06-6354-0088,有,平日土日10:00-18:00
東梅田かなもりクリニック,530-0051,大阪市北区太融寺町6番8号阪急産業ウメダビル9階,06-6755-4501,有,月水木金13:00-16:00、17:30-21:00火17:30-21:00  土15:00-19:00日祝13:00-17:00
医療法人 ケイズ会 茶屋町レディースクリニック,530-0013,大阪市北区茶屋町2番19号JPR茶屋町ビル4F,06-6359-7771,有,平日10:00-13:00 15:00-19:30土日10:00-14:00水曜午前、祝休診
医療法人ケイズ会 茶屋町レディースクリニック分院,530-0013,大阪市北区茶屋町12番6号エスパシオン梅田ビル7階,06-6375-7772,有,平日10:00-13:00 15:00ー19:30土10:00-14:00 金・日・祝休診
南森町レディースクリニック,530-0041,大阪市北区天神橋2丁目5番25号若杉グランドビル本館1階,06-6356-2824,有,平日10:00-19:00土祝10:00-14:00(木曜日 休診)
医療法人 天神橋ゆかこレディースクリニック,530-0041,大阪市北区天神橋6-6-11エレガントビル大阪2F,06-6314-6651,有,平日9:30-13:00 15:00-18:00土水9:30-13:00
いわいレディースクリニック,530-0041,大阪市北区天神橋4丁目11番6号ミクシィーワンビル3階,06-6882-8686,有,月-土9:30-13:30月火水金17:00-19:00
川島産婦人科クリニック,530-0041,大阪市北区天神橋5丁目5番23号,066351-2374,有,24時間
医療法人聖誕会 うめだファティリティークリニック,531-0072,大阪市北区豊崎3丁目17番6号,06-6371-0363,有,平日9:30-11:30 13:30-15:00
まつおかレディースクリニック,531-0072,大阪市北区豊崎3丁目20番10号大明ビル2F,06-6377-8601,有,平日9:30-18:30土9:00-12:00
うまみ美容クリニック,530-0003,大阪市北区堂島2丁目1番31号オリックス堂島ビル3階,06-6345-7480,有,10:00-19:00(正月3が日を除く年中無休)
医療法人さたクリニック,531-0062,大阪市北区長柄中1丁目5番16号グランドール有本1階,06-6358-2503,有,平日9:30-15:00土9:00-13:00
木村クリニック,530-0047,大阪市北区西天満4丁目12番17号サンキムラビル6F,06-6365-9646,有,平日9:30-11:30 16:30-18:00土9:30-11:30
川端産婦人科,534-0015,大阪市都島区善源寺町2丁目2番22号善源寺メディカルモール2F,06-6925-6603,有,月木金9:30-12:00 14:00-18:30土9:30-12:00 13:00-15:00日10:00-12:00 13:00-15:00(いずれも30分前受付)
しおじレディースクリニック,534-0024,大阪市都島区東野田町2丁目3番19号MFK京橋駅前ビル3F,06-6355-5010,有,月火水金9:00-12:30 16:30-19:00木土9:00-12:30
小林産婦人科,534-0014,大阪市都島区都島北通1丁目14番24号,06-6924-0934,有,平日9:00-13:30 17:00-19:00土9:00-13:30ただし平日は木のみ9:00-13:30
医療法人 猿渡レディスクリニック,553-0007,大阪市福島区大開1丁目2番4号,06-6461-9059,有,月~土 9:00-12:00月・火・水・金 16:30-19:30日・祝 休診
まさこレディースクリニック,553-0004,大阪市福島区玉川4丁目3番20号,066459-5277,有,月火水金土9:30-13:00月水金16:00-18:00(受付時間 30分前)
医療法人 弘正会 ちもりメディカルクリニック,553-0005,大阪市福島区野田3丁目12番14号ソフィアコート野田1階,06-6467-5200,有,月水金9:15-12:30 14:00-17:30
医療法人 木本会 鈴木産婦人科,554-0021,大阪市此花区春日出北2丁目6番8号,06-6461-0623,有,月火水金9:00-19:00木土9:00-12:00
医療法人勇拓会 牧野レディースクリニック,554-0014,大阪市此花区四貫島2丁目4番3号,06-6461-0308,有,診察時間内
医療法人 美龍会 はやしレディース肛門・泌尿器クリニッ,542-0061,大阪市中央区安堂寺町2丁目6番3号アイズワンIII2階,06-6770-5514,有,10:00-13:00 16:00-20:00(水日以外)
医療法人栗山クリニック,541-0057,大阪市中央区北久宝寺町2丁目5番5号ロベルビル2F,06-6251-2556,有,平日9:30-17:45水曜9:30-13:15木曜9:30-11:45土曜・月2回診療電話で確認お願いします。
医療法人 晧真会 野村クリニック,542-0072,大阪市中央区高津3丁目2番28号2階,06-6632-8700,有,9:30-12:30 14:30-18:30
松岡医院,542-0072,大阪市中央区高津3丁目3番23号,06-6641-8020,有,月火水9:30-16:00火木9:30-14:00土曜日 9:30-12:00日祝 休診
医療法人あかね・レディースクリニック グリーンズクリニック,541-0043,大阪市中央区高麗橋2丁目4番2号メディカルモール北浜4F,06-4707-7077,有,平日10:00-19:00(火・木 休)土10:00-17:00
医療法人フラウエン こうむら女性クリニック,540-0033,大阪市中央区石町1丁目1番1号天満橋千代田ビル2号館2階,06-6966-3063,有,月-土10:00-13:00月火水金15:00-18:00
医療法人藤広育生会 ふじたクリニック,542-0082,大阪市中央区島之内2丁目11番20号島之内ビル2階,06-6213-6677,無,月火水金土9:00-11:30 14:00-17:30
医療法人秀晄会コムロ美容外科,542-0085,大阪市中央区心斎橋筋1丁目10番11号ルフレ21  8階,06-6258-1367,無,水以外10:00-18:30
星光クリニック,542-0076,大阪市中央区難波2丁目3番5号テイックランドビル 4階,06-6484-0001,有,10:30-19:00
医療法人 晧真会 野村クリニックなんば院,542-0076,大阪市中央区難波4丁目4番4号6階,06-6633-4178,有,平日9:30-12:30 14:30-12:00土9:30-12:30
医療法人社団 新生会 大阪なんばクリニック,542-0076,大阪市中央区難波5丁目1番60号なんばスカイオ9階,06-6648-8930,有,月・水・木・金(平日)9:00-17:00
谷口レディースクリニック,542-0073,大阪市中央区日本橋1丁目3番1号三共日本橋ビル9階,06-6211-8211,有,平日10:00-13:00 16:00-19:00土10:00-13:00
医療法人 聖和会 早川クリニック,542-0086,大阪市中央区西心斎橋1丁目4番5号御堂筋ビル  5階,06-6245-2100,有,平日9:30-18:00水曜日のみ 16:00-18:00土9:30-12:00
二宮レディースクリニック,542-0086,大阪市中央区西心斎橋1丁目13番21号コーニッシュビル6階,06-6251-7505,有,月曜 10:00-18:30火曜~土曜 10:00-17:00
医療法人 大生會 さくま診療所,542-0083,大阪市中央区東心斎橋1丁目14番14号TKビル2階,06-6241-5814,有,平日9:30-12:30 14:00-16:0018:00-20:00 土9:30-12:30
医療法人 大美会 大阪美容クリニック,542-0083,大阪市中央区東心斎橋2丁目8番28号周防町GEOビル3F,06-6214-67770120-373-889,有,月-土11:00-21:00日祝11:00-20:00
医療法人 しもむら本町レディースクリニック,541-0053,大阪市中央区本町2丁目3番9号JPS本町ビルディング8階,06-4708-8686,有,平日10:00-13:00 15:00-19:00
医療法人 ラ・クォール会ラ・クォール本町クリニック,541-0053,大阪市中央区本町3丁目5番2号辰野本町ビル2階,06-6125-1250,有,平日10:00-18:30、土曜10:00-13:00
医療法人みつもとレディースクリニック,542-0081,大阪市中央区南船場1丁目10番20号南船場M21ビル 1階,06-6263-2631,有,平日9:30-13:00 16:30-19:15土9:30-13:00
北堀江奏でレディースクリニック,550-0014,大阪市西区北堀江2丁目1番11号久我ビル北館6F,06-6616-9076,有,平日9:00-18:30土9:00-13:00第2・4日9:00-13:00
医療法人福仁会 ウエナエ産婦人科,550-0025,大阪市西区九条南2丁目32番7号,06-6581-5382,有,月~土9:00-13:00月火木金17:00-19:00*受付は終了時間の30分前まで祝日は休診
かおるレディースクリニック,550-0005,大阪市西区西本町1丁目10番7号第II新松岡ビル1F,06-6534-0035,有,月水9:45-13:00火金9:45-18:00土9:45-13:00
医療法人 島野医院,550-0015,大阪市西区南堀江4丁目4番20号アーデンタワー南堀江1階,06-6533-0020,有,月・金 9:00-19:00火 17:00-19:00水 9:00-12:00木16:00-19:00
土田クリニック,552-0016,大阪市港区三先2丁目12番14号,06-6571-2678,婦人科 有,月-土9:00-12:00月火木金17:00-19:00
加納レディースクリニック,551-0002,大阪市大正区三軒家東1丁目16番39号北澤館大正1階,06-6556-1577,有,平日9:30-12:30 16:00-19:00土9:30-12:30
大正病院附属産婦人科クリニック,551-0002,大阪市大正区三軒家東4丁目6番8号,06-6551-1103,有,月-土8:45-12:00月火水金17:00-19:00
ちかえレディースクリニック,543-0023,大阪市天王寺区味原町14番4号レザックセントラルビル1F,06-6761-0735,有,月-土9:30-12:30火木17:00-19:00
医療法人 淑蘭会 上本町ヒロミレディースクリニック,543-0001,大阪市天王寺区上本町6丁目6番26号上六光陽ビル302号,06-6777-8824,有,月水9:00-12:00 16:00-19:00木16:00-21:00 金16:00-19:00土日9:00-12:00
東産婦人科・眼科,543-0042,大阪市天王寺区烏ケ辻1丁目3番23号 2F,06-6772-2460,有,平日9:00-12:30 16:00-19:00土9:00-12:30
医療法人 脇本産婦人科,543-0012,大阪市天王寺区空堀町1番19号,06-6761-5537,有,月・水・金 9:00-17:30火・土 9:00-12:00木日休診
宮原レディースクリニック,543-0045,大阪市天王寺区寺田町1丁目7番3号,06-4305-8806,有,平日9:00-12:00 15:00-18:00水土9:00-12:00
三好産婦人科,543-0021,大阪市天王寺区東高津町10番7号,06-6761-7236,有,平日・土9:30-13:00火水金17:00-19:30
医療法人曙光会 おおつかレディースクリニック,543-0054,大阪市天王寺区南河堀町9番40号,06-6776-8856,有,木日以外9:30-12:30
小池レディスクリニック,556-0011,大阪市浪速区難波中2丁目3番3号森川医療ビル5F,06-6575-9323,産科・婦人科 有,平日9:30-13:00 15:30-18:30土9:30-13:00 15:30-18:30
医療法人 近藤産婦人科,555-0022,大阪市西淀川区柏里2丁目2番12号,06-6471-2103,有,平日9:30-12:30 16:00-18:30木・土9:30-12:30
かわばたレディスクリニック,532-0023,大阪市淀川区十三東2丁目5番15号アーリーアーク1F,06-6308-7660,有,月-土10:00-13:00月・火・木・金16:30-19:30
医療法人 志紀会 希咲クリニック,532-0023,大阪市淀川区十三東2丁目7番8号十三東駅前ビル3階,06-6476-7233,有,月火木金9:30-12:30 15:00-19:00土9:30-12:30
レディース クリニック かたかみ,532-0011,大阪市淀川区西中島1丁目11番23号ユニティ北川口1階,06-6100-2525,婦人科 有,11:00-18:30木土11:00-13:00
こおりたクリニック,532-0002,大阪市淀川区東三国5丁目15番27号,06-6394-0055,有,平日9:00-12:30 16:00-19:00土9:00-12:30
医療法人 斉藤女性クリニック,532-0003,大阪市淀川区宮原1丁目6番1号新大阪ブリックビル2階,06-6151-5582,有,平日9:30-12:30 16:00-18:30土9:30-13:00
坂本産婦人科クリニック,533-0005,大阪市東淀川区瑞光4丁目12番36号,06-6326-4103,有,月水金9:00-12:0017:00-19:00水・土9:00-12:00木・日・祝 休み
医療法人ヒロレディースクリニック,533-0023,大阪市東淀川区東淡路4丁目30番2号イーズメディテラスII 4階,06-6990-5100,有,平日9:30-12:30 16:00-19:00土9:30-12:30
医療法人 明青会 あやこレディースクリニック,537-0025,大阪市東成区中道3丁目16番15号ソレアード玉造 2階,06-6753-7416,有,診療時間内
中山医院,537-0021,大阪市東成区東中本2丁目2番1号,06-6971-0801,有,月火水金9:00-13:00
前田診療所,537-0021,大阪市東成区東中本2丁目16番19号ロイヤルラフィーネ1F,06-6977-1955,有,平日9:30-18:30土9:00-12:30
藤上産婦人科クリニック,544-0021,大阪市生野区勝山南4丁目2番23号,06-6717-6033,有,診療時間内
医療法人光臨会 奥野クリニック,544-0011,大阪市生野区田島4丁目6番16号長田ビル2F,06-6751-5269,有,平日9:00-19:00土9:00-12:30
ゆきおかクリニック,544-0034,大阪市生野区桃谷2丁目17番18号,06-6718-3939,有,月火木金土9:00-18:00
医療法人圭香会梅嵜クリニック,535-0021,大阪市旭区清水5丁目13番22号,06-6958-3800,有,平日9:30-12:30 16:30-19:30土9:30-12:30
医療法人 神吉産婦人科,535-0022,大阪市旭区新森5丁目4番10号,06-6956-1001,有,月火木金9:00-12:00 17:30-19:30
医療法人 岩田レディースクリニック,535-0003,大阪市旭区中宮4丁目9番19号,06-6951-7089,有,月火木金9:00-12:00 17:00-19:00土9:00-12:00
医療法人 金井産婦人科,536-0004,大阪市城東区今福西1丁目2番8号,06-6931-2391,産婦人科 有,月~土9:00-11:30月水木金13:00-14:30月水18:00-19:30
医療法人三和会 福田医院,536-0013,大阪市城東区鴫野東2丁目12番2号,06-6961-3279,有,月火水木金9:00-12:00 17:00-19:00木土9:00-12:;00
医療法人 米田産婦人科,538-0051,大阪市鶴見区諸口1丁目13番16号,06-6913-1135,有,月~土9:00-12:00月水金17:00-19:00
医療法人 霜星会 りかこレディースクリニック,545-0052,大阪市阿倍野区阿倍野筋1丁目3番15号阿倍野共同ビル8階,06-6625-7711,有,月火木金土9:00-12:30月火金14:00-16:30木17:00-20:15
医療法人心明会 レディースクリニック さわだ,545-0052,大阪市阿倍野区阿倍野筋1丁目5番1号100 あべのルシアス1階,06-6641-0981,有,平日10:00-13:00 16:00-19:00土10:00-13:00(日・木・祝日 休診)
医療法人 立花クリニック,545-0011,大阪市阿倍野区昭和町1丁目21番22号徳山ビル4F,06-6629-1000,有,月火水金9:30-12:00(AM)13:00-17:30(PM)土9:30-12:00(AM)13:00-17:00(PM)
医療法人 中井医院,545-0032,大阪市阿倍野区晴明通11番7号,06-6661-3187,有,月火木金9:00-12:30 17:00-19:30
河田医院,545-0001,大阪市阿倍野区天王寺町北2丁目4番20号,06-6719-0381,有,月火水金9:00-13:00 17:00-19:00
医療法人 西川医院,545-0001,大阪市阿倍野区天王寺町北2丁目16番10号,06-6714-5218,有,平日9:00-12:00月火木金17:00-19:00
なかおかレディースクリニック,545-0021,大阪市阿倍野区阪南町1丁目50番10号日栄ビル1階,06-4703-3180,有,平日9:00-12:00 16:00-19:00土9:00-12:00
医療法人 平治会 SALAレディースクリニック,545-0021,大阪市阿倍野区阪南町5丁目17番20号エムズスクエア西田辺2階,06-6622-0221,有,月火水金 9:00-13:00  16:00-19:30木 9:00-13:00土・日 9:00-13:00
医療法人 柏蔭会 柏原医院,545-0036,大阪市阿倍野区万代1丁目6番16号,06-6622-1161,有,平日9:00-19:00水土8:00-13:00
社会医療法人 三宝会 南港クリニック,559-0011,大阪市住之江区北加賀屋2丁目11番8号北加賀屋千島ビル101号,06-6684-2018,有,平日 9:00-17:00
医療法人 西山産婦人科医院,559-0033,大阪市住之江区南港中3丁目4番4号,06-6613-1103,有,平日9:00-12:00 17:00-19:30土9:00-12:00 木休診
医療法人 糸氏医院,559-0016,大阪市住之江区西加賀屋1丁目1番6号,06-6681-2772,婦人科 有,平日9:00-12:30 17:00-19:30木土9:00-12:30
なかむらレディースクリニック,559-0005,大阪市住之江区西住之江1丁目1番31号N.KLASS住ノ江1階,06-6675-1211,産婦人科 有,月火水金土9:00-12:00月火水金16:30-19:00
大阪市立住之江診療所,559-0012,大阪市住之江区東加賀屋1丁目2番22号,06-6681-1000,有,月水金9:00-11:00
あさだクリニック,559-0012,大阪市住之江区東加賀屋3丁目4番7号,06-6684-2212,有,診療時間内
沢井産婦人科医院,558-0032,大阪市住吉区遠里小野3丁目4番8号,06-6694-1115,有,月・水 9:00-12:00 16:30-19:30火・金 9:00-12:00 15:00-18:00土 9:00-12:00
たつたレディースクリニック,558-0011,大阪市住吉区苅田5丁目19番19号あびこ駅前クリニックモール3階,06-6696-6080,有,平日9:00-19:00土9:00-12:00
ふくだレディースクリニック,558-0001,大阪市住吉区大領5丁目4番23号グレース住吉101号,06-6699-1239,有,月~土8:00-12:00月金16:00-19:00火木土13:30-16:00
医療法人 瓢成会 なかがわレディースクリニック,558-0044,大阪市住吉区長峡町5番5号,06-6671-0158,有,平日9:00-12:30 17:00-19:00土9:00-12:30木・日・祝休診
井口医院,546-0044,大阪市東住吉区北田辺6丁目13番8号,06-6628-6131,有,月~土9:30-12:00月水金17:00-19:00
髙畑産婦人科,546-0043,大阪市東住吉区駒川1丁目7番3号,06-6719-0185,有,平日9:00-19:30土9:00-13:00
医療法人ゆたかマタニティ超音波クリニック,547-0024,大阪市平野区瓜破1丁目6番6号グランドール南平野1階,06-6704-1103,有,平日土日9:00-18:30月(祝)9:00-12:30
高木レディースクリニック,547-0002,大阪市平野区加美東1丁目13番44号O.T.Mビル3階,06-4303-6222,有,月・火・金 9:00-12:0016:00-19:00木土9:00-12:00水 休診
元林産婦人科内科,547-0011,大阪市平野区長吉出戸8丁目7番27号,06-6707-0010,有,平日9:00-12:00 17:30-20:00土9:00-13:00
日野レディースクリニック,547-0016,大阪市平野区長吉長原3丁目16番6号,06-6706-1600,有,平日9:30-13:00 17:00-20:00土9:30-13:00
医療法人 佐々木産婦人科医院,547-0012,大阪市平野区長吉六反3丁目21番13号,06-6790-1320,有,平日8:30-12:00 16:30-19:00土8:30-12:00
医療法人 植田産婦人科,547-0046,大阪市平野区平野宮町2丁目8番8号,06-6791-1726,有,24時間対応(ただし事前連絡必要)
猪木産婦人科,557-0032,大阪市西成区旭1丁目1番3号,06-6641-0162,有,平日9:00-14:00 17:30-19:00土9:00-12:00 木第2土休診
医療法人五常会 浅野クリニック,557-0042,大阪市西成区岸里東1丁目8番11号,06-6661-7129,有,月~金9:00-12:30 16:30-19:30
イワタ医院,557-0014,大阪市西成区天下茶屋2丁目23番5号,06-6661-8525,有,月~金9:30-11:30月火水金13:30-15:00火金18:00-20:00
くにしげレディースクリニック,557-0014,大阪市西成区天下茶屋3丁目18番16号グランドメゾン1階,06-6655-5855,有,月火水金9:00-11:4516:00-18:00木土  9:00-11:45
くにしげレディースクリニック,557-0014,大阪市西成区天下茶屋3丁目18番16号グランドメゾン1階,06-6655-5855,有,月火水金9:00-11:45 16:00-18:00水土9:00-11:45
医療法人竹村医学研究会(財団)小阪産病院,577-0807,大阪府東大阪市菱屋西3-6-8,06-6722-4771,有,日、祝日除く 8:30~16:30
市立東大阪医療センター,578-8588,大阪府東大阪市西岩田3-4-5,06-6781-5101,有,平日9:00~17:00
医療法人恵生会恵生会病院,579-8036,大阪府東大阪市鷹殿町20-29,072-982-5101,有,24時間
笠原産婦人科医院,577-0007,大阪府東大阪市稲田本町3-18-23,06-6745-6204,有,月・火・水・金9:30~12:30、17:00~19:00土9:00~12:00
岡村レディースクリニック,577-0034,大阪府東大阪市御厨南2-1-1 八戸ノ里HIROビル3F,06-6618-5227,有,月・火・水・金09:00~12:00、16:30~19:30木・土09:00~12:00
森産婦人科,577-0056,大阪府東大阪市長堂1-3-8,06-6781-4925,有,平日09:30~12:30、16:30~19:00水・土09:30~12:30
東條医院,577-0058,大阪府東大阪市足代北1-16-20,06-6781-0076,有,医師在院時常時
小阪レディースクリニック,577-0807,大阪府東大阪市菱屋西3-4-13,06-6729-1192,有,診療時間内(WEB参照)
医療法人巽会たつみ皮膚科婦人科クリニック,577-0816,大阪府東大阪市友井3-1-12,06-6722-6955,有,月・火・水・金09:00~12:00、16:00~19:00土09:00~12:00
田路医院,577-0843,大阪府東大阪市荒川1-12-4,06-6728-3838,有,平日8:40~12:00月・水・金16:40~20:00
医療法人泰陽会西岡医院,578-0924,大阪府東大阪市吉田4-3-12,072-963-2233,有,月・火・水・金09:00~12:00、16:00~19:00土09:00~12:00
医療法人坪倉産婦人科,578-0942,大阪府東大阪市若江本町1-3-22,06-6722-8558,有,平日09:00~12:00、17:00~22:00水・土午後休診、日・祝休診
松本クリニック,578-0945,大阪府東大阪市若江北町1-17-18,06-6723-4103,有,09:00~11:30、17:00~19:00(365日対応可)
医療法人南野産婦人科クリニック,578-0971,大阪府東大阪市鴻池本町6-26,06-6744-1131,有,月・火・木・金09:00~12:00、17:30~19:30水・土09:00~12:00
和田診療所,579-8027,大阪府東大阪市東山町4-8 W・S百光ビル1階B号,072-986-0900,有,月・火・木・金・土09:30~12:30月・火・水・金17:00~19:30
大阪医科薬科大学病院,569-8686,高槻市大学町2番7号,072-683-1221,有,24時間対応可
北摂総合病院,569-8585,高槻市北柳川町6-24,072-696-2121,有,平日9:00~16:00(木、土、日、祝日除く)
(医)川村産婦人科医院,569-1031,高槻市松が丘1-1-1,072-687-7557,有,月火木金9:00~12:00、18:00~20:00水土9:00~12:00
医療法人子安会なかにし産婦人科クリニック,569-0823,高槻市芝生町3丁目21番10号,072-679-1010,有,月火水金9:00~12:00、18:00~20:00土9:00~12:00
医療法人jMOG 田辺レディースクリニック,569-1116,高槻市白梅町4番13号 ジオ高槻ミューズEX4F,072-668-4651,有,月火水金9:00~12:30、16:00~18:00土9:00~12:30
医療法人明峰会 東山産婦人科・小児科,569-0036,高槻市辻子3丁目10番3号,072-672-5335,有,24時間対応可
医療法人NEW WAVES堤レディースクリニック,569-0071,高槻市城北町2丁目4番5号 Hisako.BLD2F,072-662-0223,有,月9:00~12:00、16:00~20:00火9:00~12:00、水金9:00~12:00、17:00~20:00木9:00~12:00、15:00~19:00土9:00~12:00、(第2、第4土のみ13:00~16:00、第5土は休診)
渡辺婦人科,569-0085,高槻市南松原町2番1号,072-675-5359,有,月火水金9:00~12:00、17:00~19:00土9:00~12:00
米田産婦人科,560-0032,豊中市蛍池東町2-3-2,06-6857-1251,有,月・水・金・土9:30~11:45火9:30~11:15月・金17:30~19:15
医療法人 廣仁会 直原ウィメンズクリニック,560-0084,豊中市新千里南町2-11-1,06-6871-0314,有,月火水木金土9:00~12:00、月火水金17:00~19:00
しらいレディースクリニック,561-0862,豊中市西泉丘3-1-25 八重洲西泉丘ビル2F,06-6868-0461,有,月-木9:00~12:00、16:00~19:00金・土9:00~12:00
医療法人 愛慈会 田中医院,561-0881,豊中市中桜塚2‐2‐2 愛慈会ビル2F,06-6850-0088,有,月・火・水・金・土9:00~12:30
医療法人 槙野クリニック,560-0024,豊中市末広町1-7-2,06-6843-8031,有,月-土9:00~12:15火13:00~16:00月・水・金17:30~20:00(受付は19:30まで)
momウィメンズクリニックおおさこ,560-0002,豊中市緑丘4-1-2 イオンタウン豊中緑丘2F,06-4865-7007,有,月・土9:30~12:00火・木・金9:30~17:00
水野産婦人科医院,560-0024,豊中市末広町1-3-5,06-6852-3853,有,月-金9:15~13:15土9:15~12:00月・火・水・金18:00~20:00
むそうレディースクリニック,560-0026,豊中市玉井町2-2-18,06-6845-8630,有,月・火・木・金・土9:00~12:00
吉村レディースクリニック,560-0022,豊中市北桜塚3-1-33,06-6850-8162,有,"月・火・木・金・土10:00-12:30,月・火・木・金17:00-19:30"
医療法人 幸愛会 りかレディースクリニック,561-0802,豊中市曽根東町1-2-1 阪急曽根ビル2階,06-6850-3339,有,月・火・水・金・土9:00~12:00月・火15:30~18:30水・金16:00~19:30(変更があるかもしれないので事前にwebで確認して欲しい)
医療法人 うめかげレディースクリニック,561-0851,豊中市服部元町1-1-7,06-4866-2323,有,月-土9:00~12:30月・火・水・金17:00~19:30土16:00~18:00
あかりクリニック,561-0884,豊中市岡町北3丁目1-22,06-6852-1050,有,月-土9:00~13:00月・火・木・金14:00~18:00土14:00~16:00
田坂クリニック 産婦人科・内科,560-0082,豊中市新千里東町1丁目4番2号 千里ライフサイエンスビル10階,06-6832-1200,有,月-土9:30~12:30月・火・木・金17:00~19:30
医療法人 ひまわり 矢吹産婦人科 庄内クリニック,561-0832,豊中市庄内西町4-3-2,06-6332-3970,有,月・火・木・金・土9:30~12:00月・火・木・金17:00~18:30
医療法人 ひまわり 矢吹産婦人科 少路クリニック,560-0004,豊中市少路2-9-20,06-6850-0909,有,月・火・水・木・金・土9:30~12:00月・木・金15:00~17:00
医療法人成育会なりもとレディースホスピタル,573-0032,大阪府枚方市岡東町14番28号,072-861-1103,有,24時間 ※但し当院の受診歴がある方
医療法人愛成会 愛成クリニック,573-0048,大阪府枚方市山之上西町32番15号,072-845-0888,有,月木金13:30-15:30 要予約
イワサクリニック,573-0086,大阪府枚方市香里園町9-22,072-831-1666,有,平日 9:00∼20:00土 9:00∼12:00
医療法人恒遠産婦人科,573-0164,大阪府枚方市長尾谷町3-18-22,072-851-0303,有,月・火・水・金・土 9:00~12:00月・水・金 17:30~19:30
折野産婦人科,573-1111,大阪府枚方市楠葉朝日3-6-28,072-857-0243,有,月~土: 9:00~12:00月・金:17:00~19:00
冨沢産婦人科こどもクリニック,573-1192,大阪府枚方市西禁野2-8-9,072-847-7129,有,月・火 10:00∼12:00水~金  9:00~12:00月・水・金 17:00~20:00
のだ女性クリニック,573-0032,大阪府枚方市岡東町14-48 山口ビル4階,072-843-3267,有,月・火・水・金 9:00~12:0015:00~17:30土 9:00~12:30
吉田医院,573-0053,大阪府枚方市伊加賀南町5-4,072-841-3103,有,平日         9:00~14:00土       9:00~12:00月・水・金      18:00~20:00
医療法人桜花会あきせウィメンズクリニック,573-0024,大阪府枚方市田宮本町9-45,072-861-1703,有,平日9:00~12:30、17:00~20:00土9:00~12:30、14:00~16:00
和久田クリニック,573-0084,大阪府枚方市香里ケ丘10-3732-14,072-837-5688,有,月・火・木・金・土9:00~12:00月・火・木・金16:30~18:30休診 水・日・土午後
芦原産婦人科クリニック,573-1141,大阪府枚方市養父西町15‐15,072-857-0010,有,月~土9:30∼13:00
医療法人徳洲会八尾徳洲会総合病院,581-0011,八尾市若草町1-17,072-993-8501,有,平日 9:00-12:00
八尾市立病院,581-0069,八尾市龍華町1-3-1,072-922-0881,有,他の分娩に支障がなければ24時間
医療法人 正木産婦人科,581-0831,八尾市山本町北1-2-22,072-922-4103,有,平日 9:00-13:00夜診火・水 18:00-20:00木・日 休診
きくちレディースクリニック,581-0068,八尾市跡部北の町3-1-26久宝寺クリニックビル3階,072-928-1880,有,平日 9:00-12:0017:00-19:00土  9:00-12:00
中島産科婦人科,581-0802,八尾市北本町3-5-8,072-998-8281,有,月・火・水・金 9:00-12:0017:00-20:00土 9:00-12:00
萩原クリニック,581-0061,八尾市春日町2-6-9,072-991-1452,有,平日 9:00-12:3016:00-18:30土 9:00-11:30
医療法人 いとうレディースこどもクリニック,572-0857,大阪府寝屋川市打上中町13番1号,072-880-1503,有,月~火・木~土9:30~12:00月~火・木金17:30~19:30土12:30~13:30夜間・休診日も対応可能
中嶋婦人科クリニック,572-0061,大阪府寝屋川市長栄寺町12番12号,072-813-8666,有,月火木~土9:00~12:00月~金16:30~19:30
医療法人 西野レディースクリニック,572-0062,大阪府寝屋川市高柳栄町1番4号,072-800-8824,有,月~水・金~土9:30~12:00月~水・金16:00~18:30
真野医院,572-0067,大阪府寝屋川市宝町18-26,072-838-2320,有,月~水・金~土9:00~12:00月~水・金18:00~20:00
医療法人 柳原医院,572-0043,大阪府寝屋川市錦町1-1,072-826-0476,有,月~土9:00~12:30月水金17:30~19:00
渡辺産婦人科,572-0085,大阪府寝屋川市香里新町16-15,072-834-1179,有,月~土9:00~12:00月・水・金16:00~19:00
医療法人桜花会 あきせウィメンズクリニック寝屋川院,572-0084,大阪府寝屋川市香里南之町20番20号グランフィール香里園3階302号,072-831-1115,有,月~水・金~土9:00~12:00月・火・水・金16:00~19:00土14:00~16:00
堺市立総合医療センター,593-8304,堺市西区家原寺町1丁1番1号,072-272-1199,有,日曜・祝日 9:00~17:00
独立行政法人労働者健康安全機構 大阪労災病院,591-8025,堺市北区長曽根町1179番地3,072-252-3561,有,平日8:15~17:00
耳原総合病院,590-8505,堺市堺区協和町4丁465,072-241-0501,有,平日9:00-17:00土曜日9:00-13:00
吉川病院,591-8046,堺市北区東三国ヶ丘町4-1-25,072-259-0100,有,月曜~土曜 9:00-13:00月水木金 17:00-19:00土曜 14:00-17:00
池田産婦人科,590-0942,大阪府堺市堺区材木町東3丁1-20,072-228-1319,有,月金 9:00~15:00、17:00~19:00水 9:00~15:00火土 9:00~12:00
今井医院,591-8037,大阪府堺市北区百舌鳥赤畑町4丁343-5,072-257-1682,有,月水金 9:00~12:00、17:00~19:30
医療法人赤井マタニティクリニック,590-0103,大阪府堺市南区深阪南167,072-239-5988,有,平日 9:00~11:45、17:00~19:00
医療法人泉谷診療所,590-0011,大阪府堺市堺区香ヶ丘町1丁8-9,072-227-6011,有,月水土 9:00~12:00但し、土曜日は隔週
医療法人大平産婦人科,590-0141,堺市南区桃山台4-2-1,072-299-1103,有,月金 9:00~20:00火木土 9:00~14:00水 17:00~19:00
医療法人甲潤会八木クリニック,590-0938,堺市堺区神明町西1丁1-17,072-233-5630,有,月金 9:30~12:30、18:00~20:00火水金土 9:30~12:30
医療法人甲潤会レディースクリニックやぎ,591-8023,堺市北区中百舌鳥町2丁39 クリスタルなかもず4F,072-259-1107,有,月火水金 9:30~13:00、16:30~17:00
医療法人沈沢医院,590-0974,堺市堺区大浜北町2丁1の30,072-223-5733,有,月水金土 10:00~12:00月水金 17:00~19:00
医療法人竹山産婦人科,590-0113,堺市南区晴美台3-1-4,072-292-3500,有,6:00~24:00(電話連絡のうえ対応)
医療法人浜中産婦人科,590-0144,堺市南区赤坂台3-10-5,072-298-3535,有,平日 9:00~12:00月水金 17:30~19:00木曜日休診
医療法人平治会 KAWAレディースクリニック,590-0116,堺市南区若松台3-2-3,072-297-2700,有,月~土 9:00~19:30日 9:00~13:00
医療法人ゆうあい会 しんやしき産婦人科,599-8125,堺市東区西野461番地1,072-239-5571,有,月火水金 9:00~12:00、17:00~19:30
医療法人雄徳会 たつみクリニック,592-8334,堺市西区浜寺石津町中1-3-9,072-247-9411,有,平日 9:00~12:00
医療法人和昇会阪本クリニック,599-8126,堺市東区大美野22-4,072-239-0033,有,平日 9:00~12:00
大槻レディースクリニック,590-0115,堺市南区茶山台1-2-4 パンジョ西館3F,072-290-6000,有,平日 9:30~12:30、16:00~19:00(水を除く)土 9:30~12:30
小野クリニック,599-8114,堺市東区日置荘西町1-12-3,072-288-1616,有,月火水金 9:00~12:00火金 17:00~19:00
坂本産婦人科,599-8107,堺市東区白鷺町1-3-7,072-257-3588,有,月~土 10:00~11:50月火水金 17:00~18:50 日祝休
清水レディースクリニック,590-0024,堺市堺区向陵中町2丁3番13号,072-250-0511,有,月~土 9:00~12:00月木 16:30~18:30
たにわレディースクリニック,591-0028,堺市堺区三国ヶ丘御幸通2-1 谷和ビル5階,072-233-0080,有,月~土 9:00~11:30月水 17:00~18:30
徳川レディースクリニック,592-8344,堺市西区浜寺南町3丁2番1号 浜寺メディカルスクエア302,072-266-3636,有,月水金 8:00~19:30火木土 8:00~13:00
中産婦人科,591-8043,堺市北区北長尾町2-4-15,072-252-0634,有,月~土 9:00~12:00月水金 17:00~19:00
典子エンジェルクリニック,591-8002,堺市北区北花田町3-28-10,072-254-8875,有,月~土 9:00~12:30月水金 17:00~20:00
山手医院,590-0924,堺市堺区桜之町東1-1-3,072-238-1796,有,月 15:00~20:30水金 15:30~19:00木土18:00~20:30
山本産婦人科,590-0138,堺市南区鴨谷台3-6-2,072-299-7767,有,平日 9:00~12:00、17:00~19:30水土 9:00~12:00
ルナレディースクリニック,590-0951,堺市堺区市之町西3丁1-43,072-227-8451,有,平日 10:00~16:00(水以外)土 10:00~16:00日 10:00~15:00
