0,1,2,3,4,5,6,7,8
基本情報,,,,,,,,
施設名,郵便番号,住所,電話番号,ウェブサイトURL,産科、婦人科又は産婦人科の標榜の有無,医療機関における緊急避妊にかかる対面診療への対応可能時間帯,常時の緊急避妊薬の在庫の有無,
医療法人社団高橋産婦人科クリニック,662-0971,兵庫県西宮市和上町6-22オリーブハイツ2階,0798-33-0150,https://www.tgc.or.jp/,有,平日 月火水木金 9:00-12:00  13:00-14:30月火水金 17:00-19:00土 9:00-12:00,有,
医療法人社団 もりたレディースクリニック,663-8035,兵庫県西宮市北口町1-2 ACTA西宮 東館4F,0798-69-3336,https://www.morita-ladies-clinic.com,有,月火木金: 10:00〜13:00  16:00〜19:00土: 10:00〜13:30,有,
山田産婦人科,663-8152,兵庫県西宮市甲子園町6-13,0798-41-0272,,有,月~土 9:00-12:00月・火・水・金 17:00-19:00,有,
徐クリニック,662-0822,兵庫県西宮市松籟荘10-25,0798-54-8551,https://www.joclinic.jp,有,月 水: 8:45~13:30 16:30~19:00火 木 金: 8:45~13:30土: 8:45~15:30,有,
江原産婦人科医院,663-8111,兵庫県西宮市二見町9ー17,0798-67-1162,http://nttbj.itp.ne.jp/0798671162/,有,平日(月火水木金土) 9:00-12:00(月・水・金)17:00-19:00,有,
岡田医院,662-0834,兵庫県西宮市南昭和町3-18,0798-67-1136,,有,平日 9:00-12:00 17:00-19:00土曜 9:00-12:00木曜休診,無,
こじまクリニック,662-0973,兵庫県西宮市田中町5-20-4F,0798-56-8602,https://koji-cli.com,有,"月、火、水、金 9:30-12:45 , 15:30-19:00土曜 9:30-12:45  木、日、祝 休診",有,
すずきレディースクリニック,662-0973,兵庫県西宮市田中町3-1-202,0798-39-0555,https://www.suzuki-lc.jp,有,月・火・水・金 : 9:30-12:30 16:00-19:00木・土 : 9:30-12:30 日、祝日 休診,有,
中川産婦人科クリニック,662-0866,兵庫県西宮市柳本町4-16,0798-72-1153,http://www.nakagawa-sanfujinka.com,有,月・火・水・金 9:00-12:00 18:00-19:00  木・土 9:00-12:00,有,
まりウィメンズクリニック,662-0045,兵庫県西宮市安井町5-14,0798-39-0777,https://www.mari-clinic.com,有,診療時間に準ずる,有,
みやざきレディースクリニック,662-0911,兵庫県西宮市池田町9-6-204,0798-32-5230,http://www.miyazaki-ladies.com/,有,平日 9:00-12:00 16:00-19:00(月・水・金)土 9:00-12:00,有,
医療法人社団 宮本レディースクリニック,662-0084,兵庫県西宮市樋之池町5-22,0798-75-1103,https://miyamoto-lc.jp/,有,月水金 9:00-12:00 17:00-19:00火 9:00-12:00木土 9:00-12:00 18:00-翌9:00,有,
レディース&マタニティクリニックサンタクルスザシュクガワ,662-0063,兵庫県西宮市相生町8-11,0798-75-1188,http://www.santacruz.or.jp/,有,月・火・木 9:00-13:00  17:00-19:00水 9:00-13:00  14:30-16:00(完全予約制)金 9:00-13:00  14:30-16:00(完全予約制)17:00-19:00土曜 9:00-16:00,有,
芦屋小野レディスクリニック,659-0076,兵庫県芦屋市清水町,0797-21-3700,https://www.ono-lc.com/,有,8:00-20:00,有,
阿部レディースクリニック,659-0065,兵庫県芦屋市公光町7-15 スピリット芦屋1F,0797-25-0401,http://www.ashiya-abe.com,有,月・火・水・金 10:00~19:00 木・土 10:00~13:00,有,
ウィメンズクリニック布谷,659-0093,兵庫県芦屋市船戸町1-29 芦屋駅西ビル5階,0797-25-2520,http://www.womens-clinic-nunotani.jp,有,月火木金 10:00-13:00 16:00-18:30 水土10:00-13:00,有,
医療法人社団三侑会 渡辺産婦人科小児科,659-0093,兵庫県芦屋市船戸町6-21,0797-22-5027,https://since1935.jp/,有,月・火・水・金 8:30-15:00木・土 8:30-12:00,有,
市立伊丹病院,664-8540,兵庫県伊丹市昆陽池1丁目100番地,072-777-3773,http://www.hosp.itami.hyogo.jp/,有,平日8:30~17:00※上記以外の時間帯でも、産婦人科医師が宿日直の場合対応可,有,
医療法人社団高橋産婦人科医院,666-0142,兵庫県川西市清和台東1-3-75,072-799-0001,http://www.medic-grp.co.jp/doctor/takahashi_s/,有,平日(月・水・金) 9:30-19:00(火・木) 9:30-12:00土曜 9:30-12:00,無,
戸田医院,666-0105,兵庫県川西市見野2丁目36番11,072-794-7778,http://www.toda-iin.com/sp/,有,月~土 午前9:00-12:15月・水・金 午後17:00-19:00,ほぼ有(在庫少),
医療法人社団 ふかみレディースクリニック,666-0033,兵庫県川西市栄町12-8 三宝ビル4F,072-740-0230,https://www.wish-fukami.com/,有,月・火・水・金 9:30-12:30 16:30-19:00木・土 9:30-12:30,有,
愛和レディースクリニック,664-0027,兵庫県伊丹市池尻1丁目204-2,072-770-2000,http://www.aiwa-ladies.com,有,"月・火・木・金:9:00-12:00, 16:00-19:00水・土:9:00-12:00",有,
いけざわレディースクリニック,664-0858,兵庫県伊丹市西台1丁目2-11C-3ビル1F,072-777-8184,https://www.ikezawa-clinic.jp/,有,月~金 9:30-13:00 16:30-19:30土 9:30-13:00日祝休み,有,
みずほレディースクリニック,664-0013,兵庫県伊丹市瑞穂町5-72,072-778-4103,http://www.mizuho-clinic.com,有,月から土: 9:30~12:30月・火・水・金: 15:30~19:00,有,
みずほレディースクリニック伊丹駅前,664-0851,兵庫県伊丹市中央1-4-2 くらすと伊丹4階,072-785-2202,http://ekimae.mizuho-clinic.com/,有,月:9:30~12:30火~金::9:30~12:30  15:30~19:00土:9:30~12:30  15:00~18:00,有,
レディースクリニックTaya,664-0846,兵庫県伊丹市伊丹1丁目10-14-201-5,072-771-7717,https://lc-taya.jp/,有,月・火・水・木・金・土 午前 9:00-12:00月・火・木・金 午後 16:30-18:30,有,
基本情報,,,,,,,,
施設名,郵便番号,住所,電話番号,ウェブサイトURL,産科、婦人科又は産婦人科の標榜の有無,医療機関における緊急避妊にかかる対面診療への対応可能時間帯,常時の緊急避妊薬の在庫の有無,
六甲アイランド甲南病院,658-0032,兵庫県神戸市東灘区向洋町中2丁目11番地,078-858-1111,http://kohnan.or.jp/rokko/,有,月・火・木・金 9:00-11:30 のみ対応可,有,
神戸市立医療センター西市民病院,653-0013,兵庫県神戸市長田区一番町2丁目4番地,078-576-5251,,有,平日 9:00-11:30(火・木曜日は9:00-10:30),無,
医療法人社団慈恵会 新須磨病院,654-0048,兵庫県神戸市須磨区衣掛町3丁目1番14号,078-735-0001,https://www.jikeikai-group.or.jp/shinsuma/,有,平日(含む、土曜日) 9:00~12:00,無,
医療法人社団純心会パルモア病院,650-0012,兵庫県神戸市中央区北長狭通4-7-20,078-321-6000,http://www.palmore.or.jp/,有,1)平日および土曜: 8:30-18:00 (ただし、通常の診療時間内は予約またはご来院の順にしたがって対応します)2)日曜祝日は当院受診歴のある方に限り10:00-18:00の時間帯のみ対応可能 (ただし、分娩手術等のため長時間お待たせする可能性有り),有,
池田診療所,658-0001,兵庫県神戸市東灘区森北町2丁目2番3号,078-451-1331,,有,月曜~土曜 9:00-18:30(祝祭日、年末年始を除く),有,
医療法人社団産科婦人科ナカムラクリニック,658-0046,兵庫県神戸市東灘区御影本町2丁目9番1号,078-851-0031,http://www.nakamura-lc.com/,有,月・火・水・金 9:00-12:00  17:00-19:00木・土 9:00-12:00,有,
山崎産科婦人科医院,658-0052,兵庫県神戸市東灘区住吉東町2-4-38,078-851-6490,http://yamasaki-lc.ftw.jp,有,"平日9:30-13:00, 15:00-18:00 土曜日9:00-12:00",有,
こじまレディースクリニック,658-0047,兵庫県神戸市東灘区御影2-32-12,078-414-7670,http://www.kojima-lc.jp/,有,平日10:00-13:00 16:00-19:00 土曜10:00-13:00,有,
登村レディスクリニック,658-0046,兵庫県神戸市東灘区御影本町4丁目11-5,078-841-3599,http://www.tomura-lc.com/,有,"月、水、金 9:00-12:00, 16:00-19:00火、木、土 9:00-12:00",有,
中島クリニック,658-0072,兵庫県神戸市東灘区岡本1-13-7-202,078-431-3230,http://www.nakajima-c.jp/,有,月~土 9:30-12:30 16:00-19:00木・土は午前診のみ,有,
もりレディースクリニック,658-0003,兵庫県神戸市東灘区本山北町2丁目9-7,078-412-3935,http://mori-lc.jp/,有,24時間対応(自己都合により断ることもあり),有,
医療法人社団たなべ産婦人科,657-0028,兵庫県神戸市灘区森後町3丁目5番30号ナタール六甲ビル6階,078-821-0303,https://www.tanabe-clinic.com/,有,平日 9:00-12:00  17:00-19:00(木曜休み)土曜 9:00-12:00,有,
川口レディースクリニック,657-0846,兵庫県神戸市灘区岩屋北町7丁目1-30-201,078-881-8208,http://www.klady-clinic.gr.jp/,有,平日 AM9:30-12:30 PM4:00-7:00  土曜日AM9:30-2:00,有,
亀田マタニティ・レディースクリニック,657-0051,兵庫県神戸市灘区八幡町1-8-15,078-822-4188,https://www.kameda-c.com/,有,外来診療時間(月・水・金 9:00-12:00  16:00-19:00  火・木・土 9:00-12:00),有,
雅レディースクリニック,657-0028,兵庫県神戸市灘区森後町3-5-41 FTKビル2F,078-857-0155,http://www.miyabi-lc.com/,有,平日:10:00-13:00 14:00-18:00(木曜日は休診)土曜:10:00-13:00,有,
野々垣レディースクリニック,652-0897,兵庫県神戸市兵庫区駅南通1丁目2-34 兵庫駅前クリニックビル5F,078-681-4103,http://nlc-hyogo.net,有,"月・火・木~土:9:30~11:50  月・火・金:16:00~18:20  水:9:30~11:20,16:30~18:20診療は予約制ですので、あらかじめ予約をお取りください",有,
みちもとレディースクリニック,653-0022,兵庫県神戸市長田区東尻池町2丁目3-16,078-671-4050,michimoto-cl.com,有,平日9:30-12:30 17:00-19:00土曜9:30-12:30 木曜 日曜休診,有,
愛育産婦人科,654-0131,兵庫県神戸市須磨区横尾1-9-2,078-741-6231,http://plaza.harmonix.ne.jp/~hiraike/pc/,有,平日(木曜休診)と土日祝も午前診有ります9:00~12:30。 月水金曜は午後診も有ります16:00~19:00。,有,
益子産婦人科医院,654-0023,兵庫県神戸市須磨区戎町3-5-15,078-732-4103,https://www.masuko-clinic.or.jp/,有,診療時間内月~土9:00~12:00(水曜9:00~11:00)月・火・金17:00~19:00,有,
森産婦人科医院,654-0033,兵庫県神戸市須磨区東町4丁目1-23,078-739-3000,,有,平日(木曜以外) 9:30-12:00 17:00-19:00木・日・祝 対応不可  土曜 9:30-12:00,有,
清水クリニック,655-0006,兵庫県神戸市垂水区本多聞6丁目28番23号,078-783-3030,https://byoinnavi.jp/clinic/71438,有,平日 8:00-20:00日曜 8:00-12:00,有,
竹森レディースクリニック,655-0046,兵庫県神戸市垂水区舞子台2-9-10 ミサキメディカルビル2F,078-766-3990,http://www.takemori-lc.com/,有,平日9:30-12:30 16:00-18:30、土曜日9:30-12:30,有,
森本産婦人科クリニック,655-0051,兵庫県神戸市垂水区舞多聞西5丁目1-7,078-786-1103,https://morimoto-mc.com/,有,月・水・金・土 9:00~12:00、16:00~19:00,有,
安部内科婦人科クリニック,651-1313,兵庫県神戸市北区有野中町1-11-10 仲第一ビル,078-984-3188,https://a.inet489.jp/abnf3188/,有,月~木 9:00-13:00 16:00-19:00 金・土9:00-13:00,無,
オカ・レディース・クリニック,651-1222,兵庫県神戸市北区大原3-8-1,078(586)2626,http://www.oka-lc.jp/,有,月・水・金 9:00-12:00 17:00-20:00 火・木・土 9:00-12:00,有,
かとうレディースクリニック,651-1302,兵庫県神戸市北区藤原台中町1-2-1 北神中央ビル307号,078-595-7258,https://www.oklc.org,有,月火水木金日10:00-12:30 月火水16:00-18:30 土15:00-18:00,有,
基本情報,,,,,,,,
施設名,郵便番号,住所,電話番号,ウェブサイトURL,,産科、婦人科又は産婦人科の標榜の有無,医療機関における緊急避妊にかかる対面診療への対応可能時間帯,常時の緊急避妊薬の在庫の有無
大門医院,665-0842,兵庫県宝塚市川面3丁目23番12号,0797-86-0881,https://www.daimon-cl.com/,,有,月・水・金 9時~12時 16時~19時 火・木・土 9時~12時,有
大西レディスクリニック,665-0022,兵庫県宝塚市野上1-1-24,0797-76-5210,http://onishi-clinic.sakura.ne.jp/index.html,,有,平日・土曜 9:00-12:00月・水・金 16:30-19:00,有
清水産婦人科医院,665-0011,兵庫県宝塚市南口2-2-4,0797-72-0300,https://www.shimizu-wcl.com,,有,月曜から水曜日9:00-12:00 14:00-16:00 16::30-19:00 木曜日9:00-12:00 14:00-16:00(木曜日の午後は予約診察のみ)金曜・土曜 9:00-12::30,有
信永みほレディースクリニック,665-0054,兵庫県宝塚市鹿塩 2丁目 13-41,0798-57-1225,https://www.miho-lc.com,,有,月・水・金 9:00-12:30  16:00-19:00火・木・土 9:00-12:30,有
平野マタニティクリニック,665-0881,兵庫県宝塚市山本東3-14-5,0797-80-4103,https://www.hirano-mc.com,,有,24時間(平日・日祝とも),有
レディース&マタニティクリニック サンタクルスザ タカラヅカ,665-0844,兵庫県宝塚市武庫川町6-22,0797-83-1188,http://www.santacruz.or.jp/,,有,平日 9:00-13:00 17:00-19:00土曜日 9:00-13:00 14:00-16:00日・祝 9:00-12:00,有
医療法人沖縄徳洲会 高砂西部病院,676-0812,兵庫県高砂市中筋1丁目10番41号,079-447-0100,https://www.takasagoseibu.jp/index,,有,月~土 9:00-12:00月・木 16:30-18:00,有
,,,,.html,,,,
あきこレディースクリニック,673-0846,兵庫県明石市上ノ丸3丁目11-8,078-965-6563,http://www.akiko-lc.com/,,有,原則、診療時間内,有
久保みずきレディースクリニック,673-0892,兵庫県明石市本町2-1-15,078-913-9811,kubomizuki-akashi.jp,,有,平日(水曜は休診)9:30-12:30  16:00-18:30土曜9:30-12:30,有
医療法人社団 私立二見レディースクリニック,674-0092,兵庫県明石市二見町東二見207,078-942-1783,,,有,月、火、水、金 9:00-12:00、13:00-15:00木、土 9:00-12:00,有
鈴木産婦人科医院,674-0081,兵庫県明石市魚住町錦が丘3丁目3-8,078-947-4882,,,有,AM9:00-PM1:00(日曜、祝日を除く),有
せきじま産婦人科,673-0866,兵庫県明石市朝霧町1-24-1,078-911-2407,,,有,常時,有
なかた・みずのやレディースクリニック,673-0891,兵庫県明石市大明石町1-3-8ユタカ第2ビル2F,078-912-3312,http://nakata-mi.sakura.ne.jp,,有,月火木金土9:00-12:30月火金16:00-19:00,有
医療法人社団 博愛産科婦人科,674-0094,兵庫県明石市二見町西二見450-5,078-941-8803,,,有,月~土9:30-12:30 月・水・金17:00-19:30,有
日野医院,673-0893,兵庫県明石市材木町9番17号,078-911-2910,,,有,月・水 9:00~12:30、火 9:00~12:00 17:00~19:00、金 9:00~12:30 17:00~19:00、土 9:00~12:00,有
ちくご・ひらまつ産婦人科医院,675-0068,兵庫県加古川市加古川町中津230-1,079-424-5163,https://hiramatsu-lc.com/,,有,月水金9:00-18:45 火9:00-16:45 土日9:00-11:45祝日休診 11:45-14:00除く,有
安田産婦人科クリニック,675-0117,兵庫県加古川市平岡町一色西2-369-1,079-435-6662,http://yasuda-rs.com/yoyaku/,,有,"月・火・水・金 9:30-13:00, 17:00-19:00、土 9:30-13:00",有
レディースクリニック近藤,675-0065,兵庫県加古川市加古川町篠原町111番地ゼロ・ワン・ゼロビル3F303,079-427-0928,,,有,"月・火・水・金 9:00-12:00, 14:00-17:00木 9:00-12:00のみ木曜午後、土曜、日曜・祝日は休み",有
大森産婦人科医院,676-0072,兵庫県高砂市伊保港町2丁目5番17号,079-448-1103,http://www.omori-gy.or.jp/,,有,平日9:00-18:00、土曜9:00-12:00,有
市立加西病院,675-2393,兵庫県加西市北条町横尾1-13,0790-42-2200,http://www.hospital.kasai.hyogo.jp/,,有,平日 9:00-17:00夜間・休日は産婦人科医医師担当勤務時は可,有
社会医療法人社団 正峰会大山記念病院,679-0321,兵庫県西脇市黒田庄町田高313,0795-28-3773,http://ohyama-hp.jp/,,有,平日 9:00~12:00第1.3土曜日 9:00~12:00,有
医療法人社団一陽会 服部病院,673-0413,兵庫県三木市大塚218番地の3,0794-83-9462,http://www.hattori-hospital.com/,,有,9:30~12:00 月・火・木・金・土14:00~17:00(予約診) 月・木・金上記以外の時間でご希望の場合、要連絡。,有
小野レディースクリニック,675-1375,兵庫県小野市西本町538-3,0794-62-1103,http://www.onolc.com/,,有,月曜~木曜 9:00-19:00金・土・日曜 9:00-13:00,有
遠藤産婦人科医院,677-0054,兵庫県西脇市野村町1558-3,0795-22-4135,,,有,平日 9:00-11:30  16:00-18:00土曜 9:00-11:30  木・日は休診,有
基本情報,,,,,,,,
施設名,郵便番号,住所,電話番号,ウェブサイトURL,産科、婦人科又は産婦人科の標榜の有無,医療機関における緊急避妊にかかる対面診療への対応可能時間帯,常時の緊急避妊薬の在庫の有無,
医療法人社団 いわたウィメンズクリニック,677-0039,兵庫県西脇市上比延町432-49,0795-23-8888,https://www.k-iwc.com/,有,月火水金 8:30-18:00木土 8:30-12:30(診療時間以外はお電話の上、来院お願いします。お産中の場合は、お待ちいただくことになります),有,
オーキッドレディースクリニック,673-0403,兵庫県三木市末広1-13-8,0794-88-8505,http://www.orchid-lc.com/,有,9:30-12:3016:00-19:00,無,
浜本産婦人科医院,673-0521,兵庫県三木市志染町青山3丁目13-8,0794-87-1103,http://hamamoto.or.jp/,有,平日 9:00-12:00月・火・水・金曜 16:00-18:30,有,
井野病院,671-0102,兵庫県姫路市大塩町汐咲1-27,079-254-5553,http://www.inohos.com/ino,有,火曜日・土曜日(9:00~12:00),無,
産科婦人科小国病院,652-0042,兵庫県姫路市南条2丁目23番地,079-284-0381,http://oguni-hp.com,有,平日 9:00-13:00/16:00-18:00 土曜 9:00-13:00/15:00-17:00,有,
公立神崎総合病院,679-2493,兵庫県神崎郡神河町粟賀町385番地,0790-32-1331,http://www.kanzaki-hp.jp/,有,月~金(午前8:00-午前11:00)※院外処方にて対応,無,
武木田産婦人科医院,671−1227,兵庫県姫路市網干区和久462−5,079−273−1103,,有,平日 9:00−18:00 土曜 9:00-12:00,有,
医療法人社団 出口産婦人科,670-0981,兵庫県姫路市西庄384-1,079-292-0030,,有,月・火・水・木・金・土 9:00~12:00月・火・水・金 15:00~17:00,有,
医療法人社団こうのとり会西川レディースクリニック,670-0927,兵庫県姫路市駅前町188番地ピオレ姫路6F,079-284-7177,http://www.nishikawa-lc.com/,有,平日:月火水金土 14:00-18:30,有,
太田産婦人科医院,670-0061,兵庫県姫路市西今宿2丁目2-10,079-293-3188,,有,月火水金 AM9:00-AM12:00  PM3:00-PM6:30木土 AM9:00-AM12:00,有,
河原レディースクリニック,670-0055,兵庫県姫路市神子岡前4-1-3,079-299-3622,https://www.kawahara-clinic.com/,有,月・火・水・金 9:30-13:30 16:00-19:00木・土 9:30-13:00,有,
親愛産婦人科,671-1253,兵庫県姫路市網干区垣内中町260,079-271-6666,http://www.sinai.gr.jp/,有,平日 9:00-18:00土曜 9:00-13:00,有,
平田医院,670-0872,兵庫県姫路市八代740番地3,079-222-1066,hirata-iin.com,有,月・火・木・金 9:00~12:00  15:00~18:00土 9:00~12:00,有,
和田産婦人科,671-1104,兵庫県姫路市広畑区才820,079-236-2313,,有,月火水金 9:00-18:30土 9:00-12:00,有,
公立宍粟総合病院,671-2576,兵庫県宍粟市山崎町鹿沢93番地,0790-62-2410,http://www.shiso-hp.jp/,有,平日 8:30-11:00土日祝日対応不可,有,
赤穂市民病院,678-0232,兵庫県赤穂市中広1090番地,0791-43-3222,http://www.amh.ako.hyogo.jp,有,月~木9:30-12:00,有,
山田レディースクリニック,679-4167,兵庫県たつの市龍野町富永145番地9,0791-62-1185,http://www.pure.ne.jp/~yamada/mene.html,有,平日(月・水・土)8:45~12:00 (火・金)8:45~12:00 16:00~18:00,有,
半田クリニック,678-0001,兵庫県相生市山手2丁目221,0791-22-0068,www.hakuyukai-med.or.jp,有,"月・火・水・金  9:00-12:00 , 16:00-18:00木・土        9:00-12:00(水・木       13:00-18:00  要予約)",有,
福田産婦人科麻酔科,678-0239,兵庫県赤穂市加里屋30-9,0791-43-5357,http://www.fukuda8767.com/,有,月曜、火曜、木曜、金曜:9:00-12:30 16:00-18:30 水曜、土曜:9:00-12:30,有,
半田産婦人科医院,678-1233,兵庫県赤穂郡上郡町大持350番地,0791-52-1000,,有,AM 9-12時:月~土曜 PM 3-6時:月・水・金曜いずれも予約制,有,
公立八鹿病院,667-8555,兵庫県養父市八鹿町八鹿1878番地1,079-662-5555,http://www.hosp.yoka.hyogo.jp/,有,平日  8:30~17:00土・日・祝日 なし,有,
公立豊岡病院組合立豊岡病院,668-8501,兵庫県豊岡市戸牧1094番地,0796-22-6111,https://www.toyookahp-kumiai.or.jp/toyooka/,有,平日時間内 8:00-11:00、12:00-15:00(但し警察からの要請等、特に緊急性の高いものに関しては24時間対応),有,
公立豊岡病院組合立 豊岡病院日高医療センター,669-5392,兵庫県豊岡市日高町岩中81,0796-42-1611,http://www.toyookahp-kumiai.or.jp/hidaka/,有,平日8:30-16:30,有,
兵庫医科大学ささやま医療センター,669-2321,兵庫県丹波篠山市黒岡5番地,079-552-1181,http://www.sasayama.hyo-med.ac.jp,有,"8:30~17:00(平日)平日17:00~,土曜,日曜,祝日(医師が在院していれば対応可能)",有,
兵庫県立丹波医療センター,669-3495,兵庫県丹波市氷上町石生2002ー7,0795-88-5200,https://tmc.hyogo.jp/,有,平日 9:00-17:00,有,
医療法人社団 細見クリニック,669-2318,兵庫県丹波篠山市大熊64,079-552-6007,http//www.hosomi-clinic.com/,有,月:9時~12時、火・金:2時~4時、水:15時半~18時半、土:13時半~16時,有,
医療法人社団タマル産婦人科,669-2202,兵庫県丹波篠山市東吹404−1,079-590-1188,https://www.tamar.jp,有,"月水金:9:00-12:30,17:00-18:30、火、土、日:9:00-12:30",有,
洲本伊月病院,656-0014,兵庫県洲本市桑間428,0799-26-0770,http://awaji-itsuki.jp,有,毎週 火曜日 9:00-17:00毎週 水曜日 9:00-12:00,有,
カク西本協同産婦人科,656-0025,兵庫県洲本市本町3丁目1-27,0799-23-1503,,有,平日 AM9:00-12:00 PM4:00-6:00土 AM9:00-12:00,有,
基本情報,,,,,,,,
施設名,郵便番号,住所,電話番号,ウェブサイトURL,産科、婦人科又は産婦人科の標榜の有無,医療機関における緊急避妊にかかる対面診療への対応可能時間帯,常時の緊急避妊薬の在庫の有無,
医)産科・婦人科 みずとりクリニック,651-1301,兵庫県神戸市北区藤原台北町7-2-7,078-987-4103,https://mizutori-clinic.com/,有,月~土 9:30~13:00 月・水・金 17:30~19:30,有,
松岡産婦人科クリニック,651-1221,兵庫県神戸市北区緑町1-6-18,078-582-0003,http://ms-cl.com,有,平日:9:00~12:0018:00~20:00土曜:9:00~12:00,有,
レディスクリニックヨコヤマ,651-1313,兵庫県神戸市北区有野中町2丁目13-17,078-987-4100,,有,日・月・火・木 10:00-13:00 15:00-18:00水・金 10:00-13:00,有,
ゆかりレディースクリニック,650-0021,兵庫県神戸市中央区三宮町1-4-9ワコーレ神戸三宮ビル3F,078-391-7887,https://yukari-clinic.com,有,月・火・木・金・土10:00-13:0015:30-18:30,有,
坂口クリニック,650-0022,兵庫県神戸市中央区元町通4丁目3-16,078-341-0038,,有,"月、火、水 9:00-12:00, 16:00-18:00金 9:00-12:00, 16:00-17:30木、土 9:00-12:00       祝・日 休",有(2人分),
渚診療所,651-0094,兵庫県神戸市中央区琴ノ緒町3丁目2-1琴ノ緒ビル2F,078-222-2001,http://nagisa.hiho.jp/,有,平日 10:00-12:00  17:00-19:00土 16:00-17:00,無,
英ウィメンズクリニック,650-0021,兵庫県神戸市中央区三宮町1-1-2 三宮セントラルビル,078-392-8723,https://www.hanabusaclinic.com/,有,平日 : 8:30~16:00土日祝 : 8:30~15:00,有,
はやし女性クリニック,650-0017,兵庫県神戸市中央区楠町5-1-13,078-351-1688,http://www.medic-grp.co.jp/doctor/,ayashi有,平日10:00-13:00 15:30-18:30,有,
山口レディスクリニック,650-0001,兵庫県神戸市中央区加納町3-4-7,078-391-2246,https://www.lcy.jp/,有,診療時間内および、平日 19:00~20:15、土曜日 16:00~19:15(変更する場合もございますので詳しくは弊院のウェブサイトでご確認下さい。),有,
山下レディースクリニック,651-0086,兵庫県神戸市中央区磯上通7-1-8三宮プラザWEST4F,078-265-6475,https://www.ylc.jp/,有,月火水金 10:00-20:00木土 10:00-13:00,有,
山田医院,650-0001,兵庫県神戸市中央区加納町4丁目9-3,078-391-2234,,有,平日 9:00-19:00土曜 9:00-13:00,無,
山辺レディースクリニック,650-0021,兵庫県神戸市中央区三宮町2丁目5-1三宮ハートビル5階,078-335-0555,https://yamabeclinic.com/,有,平日(午前)10:00-13:00平日(午後)15:00-19:00土曜   11:00-14:30,有,
医療法人恵友会久保みずき女性・検診クリニック,651-2273,兵庫県神戸市西区糀台5丁目6-3神戸西神オリエンタルホテル内,078-990-3030,https://kubomizuki.com/,有,月・火・金 9:00-17:00水 13:00-19:00木 9:00-19:00,有,
久保みずきレディースクリニック菅原記念診療所,651-2277,兵庫県神戸市西区美賀多台3丁目13-8,078-961-3333,http://www.kubomizuki.or.jp/,有,月・水・金 9:30-11:30 16:00-18:30火・木 9:30-11:30土 9:30-11:30 14:00-15:30,有,
おかざきマタニティクリニック,651-2103,兵庫県神戸市西区学園西町5丁目2-5,078-798-1103,http://www.gakuentoshi-mc.com/,有,平日8:00~24:00 土曜日曜祝日8:00~24:00,有,
尼崎医療生協病院,661-0033,兵庫県尼崎市南武庫之荘12丁目16-1,06-6436-1701,https://www.amagasaki.coop/byouin/,有,平日 8:30-16:30土曜 8:30-11:30,有,
伊藤産婦人科医院,661-0012,兵庫県尼崎市南塚口町1-7-5,06-6426-6155,http://www.ito-sanfujinka.com,有,"土・日・月: 9:30-13:30, 14:00-18:00火: 9:00-:12:30水: 9:30-13:30, 15:30-19:00",有,
末包クリニック,661-0033,兵庫県尼崎市南武庫之荘1丁目13-10,06-6435-2488,,有,診療時間内,有,
産科・婦人科 衣笠クリニック,661-0953,兵庫県尼崎市東園田町9-10-1,06-6494-0070,http://kinugasakai.com,有,月・火・水・金 9:00-13:00 16:30-18:30 木・土 9:00-13:00,有,
医療法人社団南川クリニック,661-0001,兵庫県尼崎市塚口本町2丁目20-1,06-6423-3046,https://www.minakawa-obgy.or.jp/,有,平日 9:00-12:30 17:00-19:30木曜・土曜 9:00-12:30,有,
ウィメンズクリニック横田,661-0002,兵庫県尼崎市塚口町1丁目24-2,06-6421-7240,wclinic-yokota.com,有,平日 9:00-12:00、16:30-19:00、木曜・土曜9:00-12:00,有,
かないレディースクリニック,661-0002,兵庫県尼崎市塚口町5丁目10-3,06-4961-6050,http://kanai-clinic.com/,有,月曜-土曜日 9:00-12:00 月、火、木は14:00-16:30,有,
医療法人社団 JUNレディースクリニック,661-0976,兵庫県尼崎市潮江1丁目3-43 緑遊新都心ビル2階,06-4960-8115,https://www.jun-lc.jp/,有,月・火・木・金 9:30~16:00水・土 9:30~12:00,有,
武居レディースクリニック,661-0035,兵庫県尼崎市武庫之荘2丁目1-1,06-6431-1123,,有,平日 9:00-12:30 16:30-19:30土曜 9:00-12:30,有,
武居レディースクリニック塚口院,661-0979,兵庫県尼崎市上坂部1-1-1-302,06-6499-3355,http://www.takei-ladies.com/,有,"月・水・金: 9:20-13:00, 14:50-19:00火・木・土: 9:20-13:00",有,
木内女性クリニック,663-8204,兵庫県西宮市高松町4-8プレラにしのみや3F,0798-63-2271,http://kiuchi-cl.com,有,平日10:00~19:00  土曜日9:00~13:00,有,
スギモトレディースクリニック,662-0832,兵庫県西宮市甲風園1丁目12-5,0798-63-0325,https://www.sugimoto-clinic.com/,有,平日 9:00-12:00 16:30-19:30土曜 9:00-12:00,有,
