0,1,2,3,4,5,6,7
医療法人 内村産婦人科,893-1603,鹿児島県鹿屋市串良町岡崎2070,0994-63-2521,https://www.uchimura-kanoya.com,有,平日 9:00~17:30水土 9:00~12:00,有
種子島産婦人科医院,891-3101,鹿児島県西之表市西之表16314-7,0997-22-0260,http://tane-san.com/,有,"月・火・木・金(9:00~11:00,14:00~16:00)水(9:00~11:00)土日,祝祭日休診(必要な場合は要相談)",有
医療法人徳洲会 屋久島徳洲会病院,891-4205,鹿児島県熊毛郡屋久島町宮之浦2467,0997-42-2200,https://www.yakushimatokushukai.com,有,平日(9:00~18:00)土曜(9:00~12:00),有
鹿児島県立大島病院,894-0015,鹿児島県奄美市名瀬真名津町18-1,0997-52-3611,http://hospital.pref.kagoshima.jp/oshima/,有,平日8:30-16:30,無
医療法人徳洲会 喜界徳洲会病院,891-6202,鹿児島県大島郡喜界町湾315,0997-65-1100,kikai-tokushukai.com/,有,平日8:30~17:00土曜8:30~12:00,有
医療法人徳洲会 徳之島徳洲会病院,891-7101,鹿児島県大島郡徳之島町亀津7588,0997-83-1100,http://www/tokunoshima-tokushukai.com/,有,"・平日(月,火,木,金)9:00~12:00,14:00~17:00・土曜9:00~12:00",有
医療法人徳洲会 名瀬徳洲会病院,894-0061,鹿児島県奄美市名瀬朝日町28-1,0997-54-2222,http://www.nazetokushukai.jp,有,平日9:00~12:30,有
うえだクリニック,894-0015,鹿児島県奄美市名瀬真名津町13-20,0997-54-2000,,有,"・月,火,木,金9:30~12:30,14:30~18:00・水,土9:30~12:30・日14:30~18:00・祝日休診",有
緊急避妊に係る診療が可能な産婦人科医療機関等一覧,,,,,,,
基本情報,,,,,,,
施設名,郵便番号,住所,電話番号,ウェブサイトURL,産科、婦人科又は産婦人科の標榜の有無,医療機関における緊急避妊にかかる対面診療への対応可能時間帯,常時の緊急避妊薬の在庫の有無
マミィクリニック伊集院,891-0105,鹿児島県鹿児島市中山町2587-3,099-263-1153,0,有,平日9:00-18:00土曜9:00-13:00,有
医療法人光智会産科婦人科のぼり病院,890-0054,鹿児島県鹿児島市荒田1丁目13-13,099-256-1313,http://www.nobori.or.jp,有,月・火・水・金9:00-17:00木・土9:00-11:30,有
さがら女性クリニック,890-0053,鹿児島県鹿児島市中央町11鹿児島中央ターミナルビル2F,099-812-8203,www.sagara.or.jp,有,"平日8:30-12:00,14:00-17:00",有
櫻井産婦人科,890-0073,鹿児島県鹿児島市宇宿1丁目51-16,099-252-8964,,有,"9:00-12:30,15:00-17:30",有
医療法人愛育会 愛育病院,891-0114,鹿児島県鹿児島市小松原1丁目43-15,099-268-0311,http://www.aiikukago.com,有,"平日9:00-12:00,14:00-18:00土曜日9:00-12:00",有
さとみクリニック,892-0816,鹿児島県鹿児島市山下町8番3号2階,099-219-3336,http://satomi-clinic.com,有,月火木金土9:00-18:30日曜9:00-12:00,有
今村総合病院,890-0064,鹿児島県鹿児島市鴨池新町11-23,099-251-2221,www.jiaikai.or.jp/imamura-general,有,平日8:30-16:00,有
いまきいれ総合病院,890-0051,鹿児島県鹿児島市高麗町43番25号,099-252-1090,http://imakiire.jp/,有,月水金8:30-15:30火木8:30-11:30土8:30-11:30,有
柿木病院,892-0846,鹿児島県鹿児島市加治屋町15-3,099-224-3939,https://www.kakinoki-hp.or.jp/,有,"月火木金9:00-13:00,15:00-18:00水9:00-13:00土9:00-13:00,14:00-17:00",有
医療法人正栄会 上片平産婦人科内科,890-0008,鹿児島県鹿児島市伊敷7-8-15,099-220-0381,http://kamikatahira-lc.webmedipr.jp/,有,"月~日9:00-18:00(受付は30分前まで,木日は午前中のみ",有
医療法人 平野エンゼルクリニック,890-0055,鹿児島県鹿児島市上荒田町31-21,099-257-0808,https://www.hirano-angel.com,有,24時間,有
光輪会 鹿児島クリニック,819-0115,鹿児島県鹿児島市東開町5-28,099-268-2351,https://kagoshimaryouin.jp/cl-info.html,有,平日9:00-17:00(木・祝日・日除く),有
中村(哲)産婦人科・内科,892-0845,鹿児島県鹿児島市樋之口町3-7,099-223-2236,www.minc.ne.jp/~i-hakuyuu/,有,月火金土9:00-18:00木9:30-17:30,有
いづろ今村病院,892-0824,鹿児島県鹿児島市堀江町17-1,099-226-2600,http://www.jiaikai.or.jp/idzuro-imamura/,有,"月火水金8:30-12:00,14:00-17:00木8:30-12:00",無
堂園メディカルハウス,890-0052,鹿児島県鹿児島市上之園町3-1,099-254-1864,www.dozono.co.jp,有,"平日8:45-13:00,14:30-17:00土曜8:45-14:00 ※木,日,祝は休診",無
うのきクリニック,892-0826,鹿児島県鹿児島市呉服町3-6 山口ビル1階,099-213-9222,unoki-cl.com,有,"月火水金土9:00-13:00,15:00-17:30木・日・祝日休み",有
医療法人石塚レディースクリニック,892-0838,鹿児島県鹿児島市新屋敷町4番10号,099-222-2509,,有,平日9:00-18:00土曜9:00-13:00,有
片瀬クリニック,892-0844,鹿児島県鹿児島市山之口町3-14,099-222-2560,https://katase-clinic.com/,有,"月~金10:00-13:30,15:00-19:00土10:00-14:00",有
医療法人真門会 中江産婦人科,890-0053,鹿児島県鹿児島市中央町13-3,099-255-9528,http://www.nakae-obgy.jp/,有,"月水9:00-12:00,14:00-17:30火木金土9:00-12:00日祝休診",有
やはたウィメンズクリニック,890-0056,鹿児島県鹿児島市下荒田3-30-7,099-254-3661,,有,"平日9:00-13:00,15:00-19:00土曜9:00-13:00 ※火曜午後は休診",有
ゆみレディースクリニック,892-0827,鹿児島県鹿児島市中町4-6ワンダフルビル2F,099-222-8777,http://www.yumi-ladies.com/,有,月火水金土9:00-15:00(受付14:30まで)木日祝休み,有
中村レディースクリニック,892-0818,鹿児島県鹿児島市上本町9-14,099-222-5510,http://www.synapse.ne.jp/keima/,有,"月火金9:00-12:30,14:00-18:00水土9:00-13:00木9:00-13:00,16:00-20:00",有
たけのはし大山医院,890-0056,鹿児島県鹿児島市下荒田1-20-3,099-253-6900,https://www.facebook.com/takenohashi/,有,平日9:00-18:00土曜9:00-13:00,有
総合病院 鹿児島生協病院,891-0141,鹿児島県鹿児島市谷山中央5丁目20-10,099-267-1455,www.kaseikyohp-jp/,有,"火8:30-12:00,13:45-16:30水8:30-12:00金8:30-12:00,13:45-16:30",有
医療法人おおにし産婦人科,892-0875,鹿児島県鹿児島市川上町2805-1,099-246-3210,,有,"月火水金9:00-12:30,14:30-18:00木9:00-12:30,16:00-19:30土14:30-17:00 ※水曜午後・日・祝休診",有
産科・婦人科 久米クリニック,896-0001,鹿児島県いちき串木野市曙町25,0996-32-7663,kouta@po.synapse.ne.jp,有,"月・火・木・金9:00~18:00,水9:00~13:00,土9:00~17:00",有
くすもと産婦人科,899-2504,鹿児島県日置市伊集院町郡1193-1,099-273-6666,kusumoto4103.jp,有,月・火・水・金9:00~18:00木・土9:00~12:00,有
フィオーレ第一病院,899-5215,鹿児島県姶良市加治木町本町307-1,0995-63-2158,https://daiichi.sekisaikai.jp/,有,9:00~24:00,有
あいらの森ホスピタル,899-6202,鹿児島県姶良郡北方1854,0995-74-2503,,有,木曜日9:30~12:30金曜日9:30~12:30,無
前田産婦人科クリニック,899-4332,鹿児島県霧島市国分中央1-3-23,0995-46-6800,maeda-sanfujinka-clinic.com,有,月・火・水・金9:00~18:00木・土9:00~13:00,有
原口産婦人科,899-4332,鹿児島県霧島市国分中央3-17-13,0995-45-0052,,有,休止期間:令和元年11月1日~令和2年10月31日廃止年月日:令和2年11月1日,有
みつお産婦人科,899-5117,鹿児島県霧島市隼人町見次1296-3,0995-44-9339,http://mitsuo.or.jp,有,常時可,有
なかむら産婦人科,899-2513,鹿児島県伊佐市大口上町46-12,0995-24-2238,http://www.nakamura-iadies-clinic.com,有,"平日9:00~12:30,14:30~17:30木・土9:00~12:30日・祝8:30~9:00",有
竹内レディースクリニック,899-5421,鹿児島県姶良市東餅田502-2,0995-65-2296,info@takeuchi-ladies.jp,有,常時,有
独立行政法人国立病院機構指宿医療センター,891-0498,鹿児島県指宿市十二町4145,0993-22-2231,https://ibusuki.hosp.go.jp/,有,24時間対応可,有
有馬産婦人科,897-0006,鹿児島県南さつま市加世田本町18-3,0993-53-2777,http://arima-lc.sakura.ne.jp/,有,平日 9:00~17:00土曜 9:00~12:00水曜 休診,有
北薗産婦人科クリニック,891-0401,鹿児島県指宿市大牟礼4丁目16-28,0993-24-3177,http://kitazono-hp.jp/,有,平日 9:00~18:00土曜 9:00~13:00,有
森産婦人科,898-0015,鹿児島県枕崎市西本町181,0993-72-2134,http://mori-hospital.com/,有,24時間対応可,有
済生会川内病院,895-0074,鹿児島県薩摩川内市原田町2-46,0996-23-5221,http://www.saiseikai-sendai.jp/,有,平日 8:30-17:00土曜 8:30-12:30,有
田島産婦人科,895-0012,鹿児島県薩摩川内市平佐町1957-7,0996-22-0311,,有,24時間対応可能,有
有村産婦人科・内科,899-1616,鹿児島県阿久根市栄町127-3,0996-73-4180,,有,警察からの依頼のみ,有
河村医院 (産婦人科),895-0051,鹿児島県薩摩川内市東開聞町14-3,0996-23-3569,,有,平日 9:00-17:30土曜 9:00-15:00,有
境田医院 (産婦人科),899-0121,鹿児島県出水市米ノ津町35-20,0996-67-2600,,有,月火水金 8:30-17:30木土 8:30-12:00,有
広瀬産婦人科医院,899-0202,鹿児島県出水市昭和町15-20,0996-62-1559,,有,平日 8:30-17:30土曜 8:30-12:30,有
医療法人義貫会 中島病院,899-8602,鹿児島県曽於市栄町1-6-6,0986-76-1065,http://www.nakashima-h.or.jp,有,平日 9:00~17:30土曜 9:00~15:00,有
医療法人碧仁会 井ノ上病院,893-0012,鹿児島県鹿屋市王子町3880-1,0994-42-5275,,有,8:00~17:00,有
寿レディースクリニック,893-0014,鹿児島県鹿屋市寿7丁目1-35,0994-43-3224,,有,月~土 8:30~12:00(木曜休診),有
医療法人 桑波田産婦人科,893-0004,鹿児島県鹿屋市朝日町7-17,0994-41-0303,https://www.kuwahata-ob-gy.com/,有,月火水金 9:00~12:00 14:00~17:30木土 9:00~12:00,有
黎明脳神経外科医院,893-1605,鹿児島県鹿屋市串良町上小原3500-1,0994-63-7878,,有,月火水金 9:00~17:00土 9:00~12:00,有
