0,1,2,3,4,5,6,7
基本情報,,,,,,,
施設名,郵便番号,住所,電話番号,ウェブサイトURL,産科、婦人科又は産婦人科の標榜の有無,医療機関における緊急避妊にかかる対面診療への対応可能時間帯,常時の緊急避妊薬の在庫の有無
医療法人社団コンシューマメディカル 四ッ谷レディスクリニック,102-0083,千代田区麹町6-4-14 堤ビル2F,03-3234-5343,http://:yotsuya-lc.com,有,平日・土 10:00-13:00 15:00-18:30,有
医療法人社団ILC会 一番町レディースクリニック,102-0082,千代田区一番町4-26 相模屋第5ビル2F,03-3261-2255,https://www.1-ilc.com/,有,月 10:00-13:00 16:00-18:30火・水・金 9:30-13:00 16:00-18:30木 16:00-18:30 土 10:00-13:00,有
紀尾井町レディースクリニック,102-0094,千代田区紀尾井町3-29 紀尾井ロイヤルハイツ204,03-6666-5505,http://www.kioicho-lc.jp/,有,月・火・水・木 9:30-13:30 16:00-20:0金  9:30-13:30 16:00-20:00(12月から)土 10:30-13:30,有
丸の内の森 レディースクリニック,100-6509,東京都千代田区丸の内1-5-1 新丸の内ビルディング9F,03-6206-3900,https://www.moricli.jp/,有,平日 9:00-15:30,有
S.T style クリニック,102-0083,千代田区麹町4-6-8 ダイニチ麹町ビル3F,03-6261-7405,https://ststyle-clinic.jp,無,月・火・水・金・土 10:00-19:00,有
有楽町ビル婦人科クリニック,100-0006,千代田区有楽町1-10-1 有楽町ビル4Fー414区,03-3214-2568,,有,月・火・木・金 11:00-13:00 14:00-18:00,有
あゆみクリニック,101-0052,千代田区神田小川町1-10-3 保坂ビル7F,03-5577-5253,https://www.ayumiclinic.com,有,月・火・木 11:30-14:00 17:00-20:00土  11:30-14:00,有
医療法人社団授生会 杉村レディースクリニック,102-0076,千代田区五番町2 横山ビルB1F,03-3264-8686,https://www.ivf-baby.org,有,平日 8:30-19:00 土 8:30-13:00,有
医療法人財団健貢会 東京クリニック,100-0004,千代田区大手町2-2-1 新大手町ビル1F・地下1F・地下2F,03-3516-7151,http://www.tokyo-cl.com,有婦人科,月・木・金 11:00-12:00 15:00-16:30火 11:00-12:0014:00-16:30水 11:30-12:00 15:30-16:30 土 11:30-12:00,有
霞ヶ関土居美佐クリニック,100-0011,千代田区内幸町2-2-1 日本プレスセンタービルB1,03-3519-5079,http://doimisa-clinic.com/,有,月・火・木・金・第4水 10:30-13:0015:00-18:30第1・2・3        15:00-18:30,有
前田医院,104-0045,中央区築地1-3-6,03-3541-0396,,有,月・火・水・金 9:30-13:00 15:00-18:00土  9:30-13:00,有
医療法人社団進興会 東京ダイヤビルクリニック,104-0033,中央区新川1-28-25 東京ダイヤビルディング3号館-1F,03-3551-7737,https://www.daiya-clinic.jp/,有,月 14:00-17:00木 9:00-12:30 初診の方12:30,有
医療法人社団春音会 はるねクリニック銀座,104-0061,中央区銀座1-5-8 ギンザウィローアベニュービルディング6F,03-5250-6850,http://www.haruneclinic.com/,有婦人科,月・火・水・金 9:30-17:00土 9:30-14:00  木 12:00-19:00,無院外処方
医療法人社団 銀座レディースクリニック,104-0061,中央区銀座4-6-11 銀座センタービル6F,03-3535-1117,http://www.ginzaladies.com,有,月・火・水・金 9:00-18:00木・土      9:00-12:30,有
勝どきウィメンズクリニック,104-0054,中央区勝どき2-10-4宮野海運ビル4F,03-3536-7723,http://www.kachidoki-women.com/,有,平日 8:45-12:30 14:45-17:30土 8:45-12:30,有
安江レディースクリニック,103-0024,中央区日本橋小舟町15-15 ルネ小舟町ビル4F,03-3667-0085,http://www.yasuelc.com,有,月・火・木・金 10:00-13:00 15:00-17:30水 10:00-13:00,有
医療法人三秀会 八重洲中央クリニック,103-0027,中央区日本橋3-1-2 NTA日本橋ビル9F,03-3270-1121,http://www.centralclinic.or.jp,有,月・火・水 10:00-12:00 14:30-18:00木・金・土 10:00-12:00 14:30-17:00,有
医療法人社団わかと会 リバーシティクリニック東京,104-0051,中央区佃1-11-8 ピアウエストスクエア2F,03-6219-5100,https://rivercity-clinic.jp/,有,火・水・木  9:30-17:00,有
医療法人社団新宿レディースクリニック会 東京レディースクリニック,104-0031,中央区京橋1-1-5 セントラルビル5F,03-3342-1971,https://www.tokyo-ladies.jp/,有産婦人科,平日・土・日・祝 9:30-19:00,有
医療法人鉄蕉会 亀田京橋クリニック,104-0031,中央区京橋3-1-1 東京スクエアガーデンビル4階・6階,03-3527-9100,http://www.kameda-kyobashi.com/ja/index.html,有,平日 9:00-13:30 14:00-18:30土  10:30-13:30 15:00-17:00,無
基本情報,,,,,,,
施設名,郵便番号,住所,電話番号,ウェブサイトURL,産科、婦人科又は産婦人科の標榜の有無,医療機関における緊急避妊にかかる対面診療への対応可能時間帯,常時の緊急避妊薬の在庫の有無
医療法人社団聖マリア会東京フェリシアレディースクリニック,124-0012,葛飾区立石8-9-6,03-3691-9931,https://www.tokyo-felicia.com/,有,月・火・水・金 9:00-12:30 15:30-18:00木 9:30-12:30 土 9:00-13:00,有
佐久間レディース&ファミリアクリニック,124-0006,葛飾区堀切2-54-16,03-3691-0371,https://sakuma-ladies.com/,有,月・火・木・金 9:00-13:00 16:00-18:00土  9:00-13:00 15:00-17:00,有
医療法人社団慶風会 増田産婦人科,125-0041,葛飾区東金町1-13-5,03-3607-1519,www.masudasanfujinka.jp,有,月・火・水・木・金・土 9:00-11:30月・火・木・金 13:00-15:30月・水・金 18:00-19:00,有
小宅産婦人科医院,125-0031,葛飾区西水元1-29-17,03-3609-0415,,有産婦人科,月・火・木・金 9:00-12:30 15:00-17:50,有
医療法人社団晃母会 らいおんハートクリニック,132-0034,江戸川区小松川2-8-1,03-5875-2830,kobokai@lion-clinic.com,有婦人科,火 9:00-12:00 15:00-18:00金 15:00-16:30,有
太田医院,132-0025,江戸川区松江3-19-17,03-3656-1450,,有,月・火・水・金 9:00-13:00 14:30-18:20土  9:00-13:00,有
葛西産婦人科,134-0084,江戸川区東葛西6-8-6,03-3686-0311,gt-kasai@sea.plala.or.jp,有,月・火・水・金 9:00-11:50 14:00-16:00土   9:00-11:50,有
医療法人社団聖育会 三枝産婦人科医院,134-0088,江戸川区西葛西3-18-1,03-3680-3003,http://www.saigusa.or.jp/,有,24時間対応,有
医療法人社団清雅会 清水産婦人科クリニック,132-0035,江戸川区平井6-2-30,03-3613-5555,http://www.shimizuclinic.net/,有,平日 8:40-16:30 土 8:40-11:30,有
新クリニック,193-0931,八王子市台町2-16-8,042-621-6203,https://www.nhlclinic.com/,有,月・火・金 9:00-12:00 15:00-18:00水 9:00-11:00 土 9:00-12:00 15:00-17:00,有
医療法人社団陽晃会 はぎの医院,192-0066,八王子市本町11-6-1F,042-622-2206,,有,火・水・金 9:00-12:00 14:00-17:00土  9:00-12:00,有
京王産婦人科クリニック,193-0833,八王子市めじろ台2-19-4,042-664-3511,http://keiosanfujinka.com/,有,月・火・木・金 9:20-13:00 15:00-18:00土   9:20-13::00,有
医療法人社団宥和会 南大沢婦人科ヒフ科クリニック,192-0364,八王子市南大沢2-27 フレスコ南大沢4F,042-674-0855,http://www.fujinkahifuka.jp,有,月・火・木・金 9:30-13:00 14:30-18:00土   9:30-13::00,有
山田ウイメンズクリニック,192-0046,八王子市明神町3-25-7 グランデュールマンション1F,042-648-0870,https://yamada-womensclinic.com/,有,平日 9:20-12:30 15:00-18:00土   9:20-12:30,有
まるはし女性応援クリニック,190-0012,立川市曙町2-9-4 野口ビル3F,042-512-8736,http://www.marugyne.com,有,月・火・水・木 11:00-13:30 16:00-19:00日  11:00-15:00,有
こむかい産婦人科,190-0022,立川市錦町2-3-30,042-525-3524,https://www.komukai.net/,有,月・火・水・木 9:00-12:00 13:30-15:3017:00-18:00土  9:00-12:00 13:30-15:30,有
医療法人社団 泉医院,190-0012,立川市曙町2-14-16 住生ASKビル1階,042-522-2233,http://www.izumi-iin.com,有,月・火・木・金 9:00-12:00 15:00-18:30土  9:00-13:00,有
医療法人社団正裕会 井上レディースクリニック,190-0013,立川市富士見町1-26-9,042-529-0111,http://www.inoue-ladies.jp,有,月・水・金 9:00-12:00 15:00-18:00火・木・土    9:00-12:00,有
毛利もとこ女性クリニック,190-0023,立川市柴崎町2-1-8 立川駅南口メディカルモール2F,042-540-3300,https://www.josei-clinic.info/,有,月・火・木・金 9:30-12:30 15:00-18:30土 9:30-15:00,有
武蔵境いわもと婦人科クリニック,180-0023,武蔵野市境南町3-14-6 山桃ビル2F,0422-31-3737,https://www.iwa-cl.jp/,有,月・水・金 10:00-14:00 16:00-20:00火 10:00-14:00 16:00-18:30木 10:00-14:00 土 10:00-13:00 14:00-17:00,有
基本情報,,,,,,,
施設名,郵便番号,住所,電話番号,ウェブサイトURL,産科、婦人科又は産婦人科の標榜の有無,医療機関における緊急避妊にかかる対面診療への対応可能時間帯,常時の緊急避妊薬の在庫の有無
学校法人聖路加国際大学聖路加国際病院,104-8560,中央区明石町9番1号,03-3541-5151,http://hospital.luke.ac.jp/,有,女性総合診療部 平日 8:30-17:00救命救急センター 夜間 17:00-8:30土・日・祝 0:00-23:59,有
北里大学 北里研究所病院,108-8642,港区白金5丁目9番1号,03-3444-6161,http://www.kitasato-u.ac.jp/hokken-hp/,有,平日 8:30-11:30土(第4除く) 8:30-11:30,有
国家公務員共済組合連合会 虎の門病院,105-8470,港区虎ノ門2-2-2,03-3588-1111,https://www.toranomon.gr.jp,有,平日 9:00-16:30,有
独立行政法人地域医療機能推進機構 東京新宿メディカルセンター,162-8543,新宿区津久戸町5-1,03-3269-8111,http://www.tkn-hosp.gr.jp,有,月・木 9:00-16:00 金 11:00-16:00,有
東京医科大学病院,160-0023,新宿区西新宿6-7-1,03-3342-6111,http://hospinfo.tokyo-med.ac.jp/,有,平日 8:00-11:00,有
順天堂大学医学部附属順天堂医院,113-8431,文京区本郷3-1-3,03-3813-3111,www.juntendo.jp/hospital,有産科・婦人科,平日 8:00-15:00  土 8:00-11:00,有
公益財団法人東京都保健医療公社 荏原病院,145-0065,大田区東雪谷4-5-10,03-5734-8000,http://www.ebara-hp.ota.tokyo.jp/,有,平日 8:00-12:00 13:00-17:00,有
独立行政法人労働者健康安全機構 東京労災病院,143-0013,大田区大森南4-13-21,03-3742-7301,https://tokyoh.johas.go.jp/,有,平日 9:00-17:00,有
医療法人社団九折会 成城木下病院,157-0066,世田谷区成城6-13-20,03-3482-1702,https://kinohosp.com/,有,月~土 8:00-11:30 12:00-16:30,有
社会福祉法人康和会 久我山病院,157-0061,世田谷区北烏山2-14-20,03-3309-1111,http://www.kugayama-hp.org/,有,24時間対応可能(緊急など出来ない場合もある。受診希望は事前TEL),有
医療法人財団健貢会 総合東京病院,165-8906,中野区江古田3-15-2,03-3387-5421,http://www.tokyo-hospital.com,有,平日・土 9:00-13:00,有
一般財団法人自警会 東京警察病院,164-8541,中野区中野四丁目22番1号,03-5343-5611,http://www.keisatsubyoin.or.jp/,有,平日 8:30-11:30,有
医療法人財団明理会 明理会中央総合病院,114-0001,北区東十条3-2-11,03-5902-1199,https://ims.gr.jp/meirikaichuo/,有,平日 8:30-16:30,有
公益社団法人地域医療振興協会 東京北医療センター,115-0053,北区赤羽台4-17-56,03-5963-3311,https://www.tokyokita-jadecom.jp/,有,24時間,有
医療法人財団逸生会 大橋病院,115-0054,北区桐ケ丘1-22-1,03-3907-1222,http://o-hp.or.jp/,有,月・火・木・金 9:00-16:30土(第2・4) 9:00-11:30,有
社会医療法人社団正志会荒木記念東京リバーサイド病院,116-0003,荒川区南千住8-4-4,03-5850-0311,http://www.trshp./jp/,有,月・金・土 8:30-11:30水・木   8:30-11:30 13:30-16:00,有
東京女子医科大学東医療センター,116-8567,荒川区西尾久2-1-10,03-3810-1111,https://twmu-mce.jp/,有,基本24時間 困難な場合もある,有
医療法人財団 明理会 東京腎泌尿器センター大和病院,173-0001,板橋区本町36-3,03-5943-2411,https://www.ims.gr.jp/yamato/,有婦人科,平日 8:30-17:00 土 8:30-12:30,有
医療法人財団仁寿会 荘病院,173-0004,板橋区板橋1-41-14,03-3963-0551,http://www.sho-hospital.jp/usr/pc/,有,平日 9:00-11:30土    9:00-11:30  (第2休診),有
公益財団法人東京都保健医療公社 豊島病院,173-0015,板橋区栄町33-1,03-5375-1234,http://www.toshima-hp.jp/,有,平日 9:00-15:30,有
基本情報,,,,,,,
施設名,郵便番号,住所,電話番号,ウェブサイトURL,産科、婦人科又は産婦人科の標榜の有無,医療機関における緊急避妊にかかる対面診療への対応可能時間帯,常時の緊急避妊薬の在庫の有無
医療法人社団美力会 西国分寺レディースクリニック,185-0024,国分寺市泉町2-9-3 ハートフルビル西晴2F,042-300-0055,http://www.nklc.jp,有,平日 9:30-12:00 15:00-17:30土  9:30-12:00,有
岡産婦人科,186-0004,国立市中1-18-13,042-572-0368,,有,月・火・木・金 9:00-12:00 15:00-18:00土  9:00-12:00,有
医療法人社団慈心会 保坂産婦人科クリニック,201-0014,狛江市東和泉1-21-3,03-3488-1103,https://www.hosaka-cl.com/,有,月・火・木・金 9:00-12:00 15:00-18:00水・土   9:00-12:00,有
社会医療法人財団大和会東大和病院附属セントラルクリニック,207-0014,東大和市南街2-3-1,042-562-5511,http://www.yamatokai.or.jp,有婦人科,月・水・木・金・土 8:30-16:00,無
医療法人社団心慈会 レディースクリニックマリアヴィラ,207-0023,東大和市上北台1-2-14 上北台メディカルビル4F,042-566-8827,http://www.maria-villa.jp/,有産科・婦人科,月・火・木・金 9:00-12:00 16:30-19:30土 9:00-12:00 14:00-17:00,有
宇都宮レディースクリニック,204-0021,清瀬市元町1-4-26 清瀬パークホームズ1F,042-491-0103,https://utsunomiya.or.jp/,有産婦人科,月・火・水・金・土 9:00-17:00,有
医療法人社団恵輝会 ペルフェ滝山マタニティクリニック,203-0033,東久留米市滝山5-3-6,042-477-3503,http://www.perfe.jp/,有,月・火・金 9:00-16:30水・土   9:00-12:00,有
医療法人社団紫波会 平賀診療所,206-0011,多摩市関戸2-10-10,042-375-7154,,有,月・火・木・金 9:30-11:30 15:00-16:30土   9:00-11:30,有
こまちレディースクリニック,206-0033,多摩市落合1-3-1 かじやビル1F,042-357-3535,,有婦人科,月・火・水・木・金・土 9:50-12:45月・火・水・木     15:00-18:30,有
ヒルズクリニック聖蹟,206-0011,多摩市関戸1-5-2,042-316-5556,http://hills-clinic.com,有,平日 9:30-11:30 13:30-16:45土  9:30-11:30 来院前事前電話,有
よりみつレディースクリニック,205-0011,羽村市五ノ神1-2-2 メディカルプラザ3F,042-570-5130,http://website2.infomity.net/8380000092/,有産婦人科,月・火・水・金 8:30-16:00,有
わかくさ医院,205-0001,羽村市小作台2-7-16,042-579-0311,wakakusaiin@hamurashi-med.or.jp,有,月・木    8:30-12:00 14:30-17:00火・金・土 8:30-1200,有
医療法人社団ヒマワリ会畑中医院,188-0012,西東京市南町3-22-8,042-461-3209,http://www.gigi-town.jp/clinic/hatanaka-iin,有,月・火・木・金 9:00-18:00水・土      9:00-12:00,有
ひろクリニック,188-0001,西東京市谷戸町3-26-7,042-423-2784,http://hiroi-c.com,有,月・火・木 9:00-12:30 14:00-17:30金 9:00-12:30 15:00-18:30 土9:00-12:30,有
医療法人社団湯川 湯川ウイメンズクリニック,188-0011,西東京市田無町4-26-9 JSビル2F,042-469-5800,http://www.yukawa-clinic.com,有,月・水・木・金 9:00-12:00 14:00-17:30土 9:00-12:00,無
三宅村中央診療所,100-1101,三宅村神着937番地,04994-2-0016,https://www.vill.miyake.tokyo.jp/iryou_shinryoujo/chuuou/,無,24時間 365日対応,有
青ヶ島村国民健康保険青ヶ島診療所,100-1701,青ケ島村青ケ島無番地,04996-9-0123,無,有,平日 9:00-17:15夜間・休日 対応可 (要電話,有
東京都小笠原村診療所,100-2101,小笠原村父島字清瀬,04998-2-3800,http://www.ogasawaraclinic.jp,有,随時対応可,有
小笠原村母島診療所,100-2211,小笠原村母島字元地,04998-3-2115,http://www.ogasawaraclinic.jp/clinic/hahajima.html,有,24時間,有
基本情報,,,,,,,
施設名,郵便番号,住所,電話番号,ウェブサイトURL,産科、婦人科又は産婦人科の標榜の有無,医療機関における緊急避妊にかかる対面診療への対応可能時間帯,常時の緊急避妊薬の在庫の有無
医療法人社団松英会 馬込中央診療所,143-0027,大田区中馬込1-5-8,03-3775-5631,http://www.shoeikai.com/shinryo/sanfujinka/,有,月・水・木 9:00-17:30 金 14:00-17:30第1・3・5土 9:00-12:30,有
久が原産婦人科,145-0074,大田区東嶺町29-11,03-3755-0303,,有,平日 9:00-18:00土   9:00-12:00,有
永石医院,145-0066,大田区南雪谷2-10-2,03-3728-0345,http://www.nagaishi-iin.com,有,月曜日9:00-12:00水曜日9:00-12:00  15:00-19:00金曜日13:00-16:00,有
塩口産婦人科医院,146-0091,大田区鵜の木2-16-10,03-3758-3660,www.shioguchi-obgyn.com,有,月・火・水・木・金・土 9:00-11:30月・火・木・金 15:00-18:00,有
梅屋敷産婦人科,144-0052,大田区蒲田2-5-10,03-3732-3456,,有,金 14:00-18:00 土 9:00-13:00,有
医療法人社団月陽会 萩中診療所,144-0047,大田区萩中2-9-15,03-3742-2477,https://haginaka-clinic.com,有産婦人科,月 9:00-11:30  木 9:30-12:00火・木・土 9:00-12:00金 9:00-12:00 13:00-17:00,有
医療法人社団暁明会 井上メディカルクリニック,146-0092,大田区下丸子4-21-13  プレイスモール2F,03-3756-6278,http://www.kyomeikai-imc.com,有,月・火・水・金 10:00-13:0015:00-18:30土 10:00-15:00,有
としこレディースクリニック,144-0052,大田区蒲田5-40-7 大塚ビル2F,03-5711-7373,www.toshiko-lc.com,有,月・火・木・金・土 10:00-18:00水・日・祝      休診,有
医療法人社団善方会 田園調布オリーブレディースクリニック,145-0071,大田区田園調布2-40-19 フォースDC2F,03-3721-8008,https://olive-lc.com/,有,月 10:00-13:00 15:00-18:00 火 10:00-13:00水・木・金 10:00-13:00 15:00-19:00土 10:00-13:00,有
医療法人社団一生会 平和島レディースクリニック,143-0016,大田区大森北6-26-28 GOGOクリニックビル5F,03-5763-0888,http://www.heiwajima-ladies.com/,有,月・火・木 10:00-20:00水・金    10:00-17:00,有
医療法人社団BOH 伊藤メディカルクリニック,144-0052,大田区蒲田5-27-10 蒲田TKビル3F,03-3731-2122,https://www.ito-medical.com,有産婦人科,平日 9:30-17:00 土 9:00-15:00,有
とちぎクリニック,143-0023,大田区山王2-19-8,03-3777-7712,http://www.tochigiclinic-com,有産婦人科,月・火・木・金 9:30-18:00 土  9:30-12:30,有
医療法人社団 高愛会 大鳥居医院,144-0034,大田区西糀谷3-8-16,03-3741-0118,https://ootorii-iin.or.jp,有,月・火・水・金 9:00-12:00 15:00-17:00木・土  9:00-12:00,有
医療法人社団鶴松会 成城松村クリニック,157-0073,世田谷区砧8-23-3,03-5727-0878,https://www.seijo-keikoclub.com/,有,月・火・木 9:30-12:30 14:30-18:00金 9:30-12:30 土9:30-12:30 13:30-17:00,有
医療法人社団 ローズレディースクリニック・2nd,158-0082,世田谷区等々力2-18-11,03-3703-5511,http://www.roseladiesclinic.jp,有,月~土 9:30-17:00,有
三宅宮コパレディースクリニック,158-0093,世田谷区上野毛3-23-22,03-3702-5800,,有,月火金 11時から14時、15時から19時水 14時から19時土 11時から14時,有
三軒茶屋ペルソナレディースクリニック,154-0004,世田谷区太子堂4-26-12 くらしの友三軒茶屋ビル5F,03-5779-4888,https://persona-ladies.com/,有,月・水・木・土 10:00-13:00 15:00-19:00火 16:00-20:00 日 9:00-13:00,有
医療法人社団十進会 波平レディスクリニック,156-0052,世田谷区経堂2-17-1,03-5477-0236,,有,月・火・水・木・金・ど 9:00-12:00 14:30-19:00,有
藤田医院,158-0085,世田谷区玉川田園調布1-8-1,03-3721-0611,https://www.sanfujinka-navi.ne.jp/hospital.php?hid=46,有,火・木・金 9:00-12:00 14:00-16:0016:00-18:00(予約) 土  9:00-12:00,有
医療法人社団ウィング にしなレディースクリニック,158-0097,世田谷区用賀4-5-20 アドバンス高荒2F,03-5797-3247,www.nishina-clinic.com,有,平日 10:00-19:00土   10:00-13:00,有
基本情報,,,,,,,
施設名,郵便番号,住所,電話番号,ウェブサイトURL,産科、婦人科又は産婦人科の標榜の有無,医療機関における緊急避妊にかかる対面診療への対応可能時間帯,常時の緊急避妊薬の在庫の有無
医療法人社団 加藤産婦人科医院,116-0001,荒川区町屋2-9-21,03-3895-3521,https://kato-gyne.gr.jp/,有,月・火・木・金 9:00-18:00 水・土 9:00-12:00,有
宇津野レディスクリニック,116-0003,荒川区南千住4-7-1 ビビ南千住3F,03-3803-4107,http://utsuno.info/,有,平日 10:00-19:00 土 10:00-17:00,有
医療法人社団秀洋会 白十字診療所,116-0013,荒川区西日暮里2-19-10 日暮里KSビル3階,03-3802-3911,www.hakujuji-clinic.com,有産婦人科,平日 9:00-14:30 17:00-19:30土  9:00-12:00,有
医療法人社団順風会 高島平クリニック,175-0082,板橋区高島平1-12-11 1.2.3F,03-3936-4164,http://takashimadaira-clinic.jp/,有,月・火・水・金 9:00-18:00土  9:00-17:00,有
渡辺産婦人科医院,175-0082,板橋区高島平2-3-14,03-5399-3008,http://watanabe-sanfu-clinic.com/index.html,有,月火木金 9時から12時、14時30分から17時土 9時から12時,有
医療法人社団 みえこ女性クリニック,173-0005,板橋区仲宿64-6 コスモ和光V2F,03-5943-1123,http://www.mieco-clinic.com,有,月・木・金 13:00-19:00 火 14:00-20:00水 16:00-20:00 土 13:00-17:00,有
斎藤医院,176-0004,練馬区小竹町2-8-8,03-3955-3511,,有,月・火・水・金・土 9:00-11:30月・火・水・金   17:00-19:00,有
医療法人社団健晟会 扇内医院,176-0024,練馬区中村3-4-18,03-3990-2111,http://www.ogiuchi.com,有,平日 9:30-12:30 14:00-17:30 土 9:30-12:3012月より平日 9:30-12:30 14:00-18:30,有
医療法人社団養生会 赤松レディスクリニック,176-0002,練馬区桜台3-41-14,03-3991-8854,www.akamatsu-clinic.com,有,平日 8:30-18:00 土 8:30-12:00,有
医療法人社団憲信会 関根ウィメンズクリニック,179-0085,練馬区早宮2-24-10,03-3931-5588,http://www.sekine-clinic.or.jp,有産婦人科,平日 8:30-17:30 土 8:30-13:00,有
医療法人社団向笑会 花岡由美子女性サンテクリニック,178-0063,練馬区東大泉5-29-8,03-5947-3307,,有,月・火・木・金・土 9:30-12:00 15:00-18:00,有
たかみクリニック,176-0001,練馬区練馬4-10-10,03-5984-5122,http://takami-cl.jp/,有,平日 9:00-12:30 15:30-19:00土   9:00-12:30,有
ウィート女性クリニック北千住,120-0034,足立区千住2-18 為静ビル2F,03-3888-1001,https://www.wonens-kitasenju.net,有,平日 9:30-17:00 土(第2・4) 9:30-13:00,有
医療法人社団向仁会 真島クリニック,123-0852,足立区関原1-21-2,03-3849-4127,majimacl.@xqj.biglobe.ne.jp,有,月・火・木・金 9:00-12:00 15:00-17:00土  9:00-12:00,有
小金井クリニック,121-1210,足立区入谷1-10-21,03-3855-5211,,有,月・火・水・金 9:00-12:00 14:00-17:00土  9:00-12:00,無調剤薬局へ依頼の為
医療法人社団なずな会 池上レディースクリニック,121-0823,足立区伊興5-6-8,03-5838-0228,http://www.ikegami-lady.com,有,月・火・木・金 9:00-12:00 14:00-17:00水・土 9:00-12:00,有
矢追医院,123-0872,足立区江北2-33-6,03-3890-3387,http://www.yaoi.org,有,月 9:30-17:00 火・木 9:30-18:00土 12:00-19:30 日・祝0:00-17:30,有
医療法人社団 長門クリニック,120-0002,足立区中川2-5-8,03-3605-3131,https://www.nagato-clinic.or.jp/,有,平日 9:00-16:00 土 9:00-15:00,有
くすの木レディースクリニック北千住,120-0034,足立区千住3-1 藤田ビル2階,03-6806-2500,www.kusunoki.tokyo,有,平日 9:30-17:30土 9:30-17:30,有
医療法人社団慶暢会 中村医院,124-0024,葛飾区新小岩2-35-4,03-3654-9237,,有,月・火・水・金 9:00-12:30 14:00-18:00土  9:00-12:30,有数人分
基本情報,,,,,,,
施設名,郵便番号,住所,電話番号,ウェブサイトURL,産科、婦人科又は産婦人科の標榜の有無,医療機関における緊急避妊にかかる対面診療への対応可能時間帯,常時の緊急避妊薬の在庫の有無
むさしのレディースクリニック,180-0022,武蔵野市境1-4-3 ヒルズK1F,0422-38-6340,https://musashino-ladies.jp/,有,月・火・水・金 9:30-12:00  15:30-19:00土  9:30-12:30,有
みたか北口ゆきレディスクリニック,180-0006,武蔵野市中町1-17-2 ステラ武蔵野3F,0422-56-7177,https://mkyuki-lc.jp,有,平日 9:30-13:00 15:00-18:30土  9:30-13:00,有
医療法人社団友久会 池下レディースクリニック吉祥寺,180-0004,武蔵野市吉祥寺本町1-23-1 KS23ビル6・7F,0422-27-2965,http://www.ikeshita-clinic.com/kichijoji/,有,平日 9:00-19:00土  9:00-14:00,有
おおやクリニック,180-0022,武蔵野市境2-8-3,0422-51-3001,https://www.ooya-clinic.com,有,月・火・水・木・金・土 9:00-12:00月・水 15:00-18:00火・金 15:00-19:00,有
医療法人社団アソシア会吉祥寺レディースクリニック,180-0003,武蔵野市吉祥寺南町2-6-10 富士パームビル5F,0422-40-1770,,有婦人科,平日 10:00-13:00 15:00-18:30土   10:13:00,有
佐々木産婦人科,180-0022,武蔵野市境4-10-8,0422-54-9311,www.sasakisanfujinka.com/,有,月・火・水・金 9:00-12:00 15:00-18:00土  9:00-12:00,有
吉祥寺南町診療所,180-0003,武蔵野市吉祥寺南町2-5-3,0422-49-9820,http://www.kichinan.com/clinic/,有産婦人科,月・火・木・金 9:30-12:30月・木・金・土 15:00-17:00月・水・木・金 19:30-20:00,有
医療法人社団テンジン 三鷹レディースクリニック,181-0013,三鷹市下連雀3-31-4 ライオンズマンション 1F,0422-70-1150,mitaka-ladies@aurora.ocn.jp,有,月・火・木・金 10:00-13:00 15:00-18:00土 10:00-13:00,有
レディースクリニックりゅう,180-0023,武蔵野市境南町2-12-2 武蔵野エイトマンション1・2F,0422-32-2055,,有,平日 10:00-13:00 15:00-19:00土   10:00-13:00 15:00-17:00日 第2・第4  10:00-13:00,有
医療法人社団聡仁会 スマイルレディースクリニック,180-0003,武蔵野市吉祥寺南町2-38-7,0422-76-8656,http://smile-ladies.jp/,有,"平日9:30-12:30,16:00-19:30  土曜9:30-14-30",有
医療法人社団久優会 フェリーチェレディースクリニック吉祥寺,180-0004,武蔵野市吉祥寺本町1-12-2 HINOビル2F,0422-22-6878,https://felice.or.jp/,有,月・火・木・土 10:00-13:00 15:00-18:00金 10:00-13:00 16:00-19:00,有
医療法人社団恵成 しおかわレディースクリニック,180-0004,武蔵野市吉祥寺本町2-10-10 ファロビル3F,0422-21-1567,http://www.shiokawalc.com,有,月・火・水・金 9:00-13:00 15:30-19:00木 15:30-19:00 土 9:00-13:00 15:30-17:00,有
村越レディースクリニック,181-0013,三鷹市下連雀3-7-28 ラ・プルミエール村越1F,0422-29-8225,http://murakoshi-lc.com/,有,月・水・木・金 9:00-13:00 15:00-19:00火 9:00-13:00 土 9:00-14:00,有
医療法人社団 山田えいこレディースクリニック,181-0013,三鷹市下連雀3-24-7 平嶺ビル2F,0422-26-7525,http://www2.ocn.ne.jp/eikolady/,有産婦人科,月・水 9:00-11:30 15:00-17:30火・金 9:00-11:30 15:00-16:30 土 9:00-11:30,有
医療法人社団 新町クリニック,198-0024,青梅市新町3-53-5,0428-31-5377,www.shinmachi-cl.com,有,平日 9:30-15:30,有
医療法人社団 林レディースクリニック,198-0042,青梅市東青梅3-8-8,0428-20-1887,http://www.hayashi-lc.ome.tokyo.jp,有産婦人科,月・火・木・金 8:30-17:00土  8:30-12:30,有
貝原レディースクリニック,183-0055,府中市府中町2-5-8 Grace Court Fuchuekimae101,042-352-8341,http://www.kaibara-ladies.com/,有,月・火・木・金 11:00-13:00 15:00-19:00水・土 11:00-13:00,有
医療法人社団均禮会 府中の森 土屋産婦人科,183-0055,府中市府中町3-10-9,042-351-3748,www.tsuchiyaclinic.com/,有,月・火・木・金 8:45-12:30 14:30-16:30水  8:45-12:30 土  8:45-13:30,有
医療法人社団橙康会 府中レデースクリニック,183-0055,府中市府中町2-1-7 角ないとうビル2F,042-358-5558,http://fuchuladys.atat.jp,有,平日 10:00-18:30土   10:00-12:30,有
医療法人社団聖マリア吉祥会 石原レディースクリニック,196-0015,昭島市昭和町3-18-21,042-545-9022,http://ishiharaladies.net,有,平日 9:00-16:30土   9:00-11:30,有
基本情報,,,,,,,
施設名,郵便番号,住所,電話番号,ウェブサイトURL,産科、婦人科又は産婦人科の標榜の有無,医療機関における緊急避妊にかかる対面診療への対応可能時間帯,常時の緊急避妊薬の在庫の有無
医療法人社団菫青会 茅場町いとう医院,103-0025,中央区日本橋茅場町1-13-15 新居ビル3階,03-6667-0198,www.kayabacho-itoiin.jp,有,平日 10:00-13:30 15:30-18:00ウェブサイトより予約可,有
医療法人社団 楠原ウィメンズクリニック,104-0061,中央区銀座5-6-2 銀座七宝ビル6F,03-6274-6433,https://www.kusuhara-womens.jp/,有,月・火・水・金 9:00-13:00 15:00-18:30木・土  9:00-13:00,有
KISHI CLINICA FEMINA,104-0061,中央区銀座8-5-6 並木通り 中島商事ビル5階,03-5537-7171,www.kishiclinicafemina.jp,有,月・火・木・金 18:30-22:00水・土 14:00-17:30 18:30-22:00日・祝 9:30-13:00 14:00-17:30 18:30-22:00,有
銀座吉田医院,104-0061,中央区銀座2-4-8 GINZA YUKI BLD.8F・9F,03-3561-5537,http://www.yoshida-iin.com/,有,月・火・木・金 10:00-13:00 15:00-18:00第2・4 土 10:00-13:00    完全予約制,有
こやまレディースクリニック,104-0054,中央区勝どき3-3-6 勝どき田窪ビル2F,03-5859-5975,http://koyama-lc.com/,有,平日 9:30-12:30 14:30-18:30土   9:00-13:30 14:30-17:00,有
銀座こうのとりレディースクリニック,104-0061,中央区銀座1-3-9 マルイト銀座ビル7F,03-5159-2077,https://ginzakounotori.com/,有,月・火・木・金 10:00-12:00土 11:00-13:00,有
医療法人舘出張 佐藤会フィーカ レディースクリニック,103-0027,中央区日本橋2-5-1 日本橋高島屋三井ビルディング10F 1001号室,03-6910-3977,http://fika-lc.jp/,有,月 8:30-19:00 水 8:30-17:00火・木・金 9:30-19:00,有
EASE女性のクリニック,104-0042,中央区入船1-1-24 ドルフィンKOTO入船ビル5F,03-3206-1112,https://ease-clinic.jp,有,月・火・木・金 9:00-18:30水 9:00-13:30 土 9:00-14:00,有
医療法人社団 銀座ウィメンズクリニック,104-0061,中央区銀座6-12-13 大東銀座ビル4F,03-5537-7600,http://www008.upp.so-net.ne.jp/ivfginza/,有,月・火・水・金 9:00-13:30 15:00-18:30土 9:00-13:30,有
慈恵医大晴海トリトンクリニック,104-0053,中央区晴海1-8-8 晴海アイランドトリトンスクエアオフィスタワーW3F,03-3531-3211,http://www.hosp.jikei.ac.jp/harumi,有,火・金 9:00-11:30水 9:00-11:30 14:00-17:30,無
医療法人社団央美会 銀座すずらん通りレディスクリニック,104-0061,中央区銀座6-9-7 近畿建物銀座ビル8F,03-3569-7711,http://huninsho.com/,有,月・火・木・金・土 10:00-18:00,有
アイル女性クリニック,104-0052,中央区月島1-8-1 アイマークタワー203,03-3534-0803,http://i-ll-clinic.com,有産科・婦人科,月・火・木・金 9:30-16:00土        9:30-11:00,有
医療法人社団すずらん せいこレディースクリニック銀座,104-0061,中央区銀座7-2-4 ムサシ7ビル4F,03-5568-3128,https://www.seikoginza.com/,有,平日 9:30-20:00 土・日・祝 9:30-15:00,有
医療法人社団ウィミンズ・ウェルネス 対馬ルリ子女性ライフクリニック銀座,104-0061,中央区銀座2-6-5 銀座トレシャス7F,03-3538-0270,http://w-wellness.com/,有,月:10:00~18:00火~土:10:00~17:30日曜祝日は休診,有
東日本橋レディースクリニック,103-0011,中央区日本橋大伝馬町13-8メディカルプライム日本橋小伝馬町4階,03-6661-6658,https://higashinihonbashi-lc.com/,有,月・水・金 10:00-20:00火・木  10:00-17:00,有
医療法人社団康寿会 堀産婦人科,108-0074,港区高輪3-7-8,03-3449-3541,https://www.hori3541.or.jp,有,平日 9:00-12:30 16:00-18:30土   9:00-13:00,有
医療法人社団健勝会 港三田クリニック,108-0014,港区芝5-16-1 千代ビル3階,03-3456-3391,https://www.minatomitaclinic.net,有,月・火・水・金 10:00-12:30 14:00-17:30土  10:00-12:30,有
医療法人社団 神田第二クリニック,106-0031,港区西麻布3-20-14 梅田ビル2F,03-3402-0654,http://kanda2nd.com,有産婦人科・内科,平日 9:00-12:30 14:00-16:30土・日・祝 休診,有
中井診療所,107-0061,港区北青山3-3-7-102,03-3401-2055,,有婦人科,平日 8:00-12:00,有
広尾かなもりクリニック,106-0047,港区南麻布5-10-24 第2佐野ビル4F,03-6408-0652,http://kanamori-clinic.com/,有,月 14:00-19:30火・水 9:00-17:00,有
基本情報,,,,,,,
施設名,郵便番号,住所,電話番号,ウェブサイトURL,産科、婦人科又は産婦人科の標榜の有無,医療機関における緊急避妊にかかる対面診療への対応可能時間帯,常時の緊急避妊薬の在庫の有無
サン・ヒルレディースクリニック,113-0022,文京区千駄木5-3-10-2F,03-3823-8828,http://.www.sunhill-lc.net,有産婦人科,平日 10:00-12:30 14:45-17:45土   10:00-12:30,有
後楽園ウィメンズクリニック,113-0033,文京区本郷1-33-8 ハウス本郷ビル4F,03-5689-5500,https://korakuen-womens.jp/,有,月・火・木・金 9:30-12:00 14:00-18:00土 9:30-13:00,有
かみやレディースクリニック,113-0021,文京区本駒込2-10-7 濱田ビル1F,03-5977-8811,https://kamiya-lc.com/,有,月火水金 9時30分から12時30分、15時から19時土 9時30分から12時30分、14時から17時,有
医療法人社団誠仁メディカル 誠ウイメンズクリニック,112-0014,文京区関口1-18-6 ユニーブル江戸川橋2F,03-3513-0355,http://www.sei-clinic.jp,有,平日 10:00-13:00 13:00-18:30土   10:00-13:30,有
飯山医院,110-0013,台東区入谷1-7-7,03-3872-7873,,有,月・水・木・金 9:30-12:00  15:30-17:30火 9:30-12:00 土    9:30-11:30,有
根津・谷中レディースクリニック,110-0001,台東区谷中1-1-16,03-3823-2346,http://nezuyanaka.jp/,有,火水金土 19時から21時,有
医療法人社団ルーチェ会佐々木医院,111-0032,台東区浅草5-33-12,03-3872-6776,http://www.sasakiiin-luce.jp,有,診療時間内,有
あさくさ産婦人科クリニック,111-0035,台東区西浅草3-2-5,03-3844-9236,http://www.asakusa-sanfujinka.jp,有,平日9:30‐13:00、15:00-18:30土曜日9:30-13:00,有
医療法人社団新宿レディースクリニック会 上野レディースクリニック,110-0005,台東区上野2-7-13 JTB損保ジャパン日本興亜上野共同ビル2F,03-5812-1971,https://www.ueno-ladies.jp/,有産婦人科,平日・土・日・祝 9:30-19:00,有
医療法人社団悠俊会 上野皮フ科・婦人科クリニック,110-0015,台東区東上野1-7-12 徳永ビル2F,03-5842-1200,http://www.uenoderma.jp,有,月・火・水・金 9:30-19:00木  9:30-12:30 土  9:30-13:00,有
相生産婦人科医院,130-0021,墨田区緑1-7-7,03-3631-0465,,有産科・婦人科,木 14:00-19:00土 9:00-14:00,有
医療法人社団 あいウイメンズクリニック,130-0013,墨田区錦糸1-5-14 サンヨー堂錦糸ビル3F,03-3829-2522,https://www.ai-w.com/,有,月・火・水・金 10:00-12:30 15:00-18:00,有
大倉医院,131-0031,墨田区墨田1-10-4,03-3611-4077,https://www.doctors-search.com/c-sumida/okuraiin/,有,平日 9:00-13:00 16:00-19:00土   9:00-13:00,有
あんずレディースクリニック,130-0001,墨田区吾妻橋2-3-9 ノエルビル2F,03-6456-1682,http://www.anzu-ladies.com/,有,月・火・木・金 10:00-12:30 15:00-18:30土 9:00-12:30,有
柳瀬クリニック,136-0076,江東区南砂7-1-25 南砂公園ガーデニア206号,03-3644-1971,,有産婦人科,月・火・木・金 9:00-11:30 15:00-18:00土 9:00-13:30,有
北砂クリニック,136-0073,江東区北砂2-14-20,03-3640-5341,,有,平日 9:00-18:30土   9:00-12:30,有
百合レディスクリニック,136-0071,江東区亀戸4-18-4 亀戸メディカルビル5F,03-5627-3811,http://www2.odn.ne.jp/yuricl,有,月・火・木・金 9:30-12:30 15:00-18:00第2・4・5土   9:30-12:30,有
医療法人社団理仁会ツインタワーすみとしクリニック,135-0002,江東区住吉1-19-1 ツインタワーすみとし住吉館204,03-3635-0010,http://36350010.com/,有,月・火・木・金 9:30-12:30 15:00-18:30水 9:00-12:30 土 10:00-13:00,有
こさかレディースクリニック,135-0004,江東区森下1-12-12,03-5638-6730,https://www.kosaka2014.jp/,有産婦人科,平日 8:30-12:00 14:30-17:30土   8:30-12:00  木 休診,有
医療法人社団東壽会 東峯婦人クリニック,135-0042,江東区木場5-3-10 東寿会ビル本館,03-3630-0303,,有,平日 9:00-11:30 13:30-17:00土   9:00-12:00 13:30-15:30,有
基本情報,,,,,,,
施設名,郵便番号,住所,電話番号,ウェブサイトURL,産科、婦人科又は産婦人科の標榜の有無,医療機関における緊急避妊にかかる対面診療への対応可能時間帯,常時の緊急避妊薬の在庫の有無
医療法人社団まなみウィメンズ 麻布十番まなみウィメンズクリニック,106-0045,港区麻布十番1-5-19 ラトリエ・メモワールビル2F,03-3405-0928,http://www.azabuwomens-cl.com/,有,月・火・木 11:00-14:00 15:00-19:00金  11:00-14:00 15:00-20:00土  10:30-15:30,有
一般社団法人日本家族計画協会市谷クリニック,162-0843,新宿区市谷田町1-10 保健会舘新館,03-3235-2694,,有,火 13:30-18:30  第2土 10:00-15:30(平日 9:00-17:00 応相談),有
医療法人社団柏葉会 高村医院,160-0004,新宿区四谷3-10,03-3351-3610,https://www.takamura-iin.com/,有,月・火・水・木・金 9:00-12:00 14:00-18:00,有
竹下医院,169-0075,新宿区高田馬場2-14-22,03-3200-1281,無,有,月・木・金 9:00-12:00 16:00-18:00火・土    9:00-12:00,有
かわかた医院,169-0072,新宿区大久保2-18-16,03-3200-0028,,有産婦人科,平日 10:00-12:30 14:00-18:00土   10:00-12:30,有
福島医院,169-0075,新宿区高田馬場2-13-15,03-3209-1301,,有,月・火・水・木・金 9:30-12:00,有
林医院,169-0072,新宿区大久保1-16-13 三和ビル3F,03-3204-1203,,有,月・火・木・金 9:30-13:00 14:30-17:30,有
医療法人社団ウィミンズ・ウェルネス 女性ライフクリニック新宿,160-0022,東京都新宿区新宿3-14-1 新宿伊勢丹地下2F,03-6273-1220,http://w-wellness.com/,有,火~日:11:00~19:00月曜は休診(月曜が祝日の場合は翌日)ご来院前にホームページやお電話でご確認ください,有
医療法人社団白千代会貴子レディースクリニック,169-0073,新宿区百人町1-24-2 カメリアコート新宿2F,03-5386-1155,http://www.takako-ladies.com,有婦人科,平日 10:00-13:00 15:00-18:00土   10:00-13:00 15:00-17:30,有
神楽坂レディースクリニック,162-0825,新宿区神楽坂5-32 近江屋ビル4F,03-5579-2198,http://kagurazaka-lady-clinic.com,有婦人科,月・水・金 9:30-13:00 15:00-18:00土 9:30-14:00,有
なでしこ女性診療所,169-0075,新宿区高田馬場1-1 メトロシティ西早稲田2F,03-6233-8228,https://nadeshiko-women.com/,有,月・火・木・金 9:30-12:45 14:30-18:15水 9:30-12:45 土 9:30-11:45 13:00-15:45,有
まきレディスクリニック,169-0075,新宿区高田馬場1-28-18 和光ビル2F,03-6457-6123,https://maki-lc.jp/,有,月・水・金 10:00-19:00木 10:00-13:30 土 10:00-17:00,有
医療法人社団しらゆきジャスミンレディースクリニック新宿,160-0022,新宿区新宿3-30-11 新宿高野第二ビル4F,03-5315-4920,https://jlc.tokyo/,有,月・火・木・金・日 11:00-14:00 16:00-20:00,有
新宿駅前さくらレディースクリニック,160-0023,新宿区西新宿1-3-17 新宿第1アオイビル9F,03-5989-0022,https://www.shinjyuku-sakura.jp/,有,平日 11:00-15:00 17:00-22:00土・日・祝 11:00-18:00,有
ケイ・レディースクリニック新宿,163-0605,新宿区西新宿1-25-1 新宿センタービル5F,03-3343-9555,www.klcs.jp,有,月・木・金・土 11:00-12:30 14:30-18:30日  11:00-12:30 14:30-17:30,有
医療法人社団SK医新会曙橋レディースクリニック,162-0065,新宿区住吉町1-12 新宿曙橋ビル2F,03-5919-8828,http://www.aklady.com/,有,平日 10:00-12:30 15:30-18:30土   10:00-12:30,有
医療法人社団新宿レディースクリニック会 新宿レディースクリニック,163-1332,新宿区西新宿6-5-1 新宿アイランドタワー32階,03-3340-1971,https://www.1971fujinka.jp/,有産婦人科,平日・土・日・祝 9:30-19:00,有
近藤医院,113-0021,文京区本駒込5-60-6,03-3821-1804,http://www.catnet.ne.jp/h-kondo/,有,月・水・木・金・土 9:00-13:00 15:00-18:30火 9:00-13:00,有
一宮クリニック,113-0033,文京区本郷2-27-8 太陽館ビル1F,03-3818-5371,www.ichimiyaclinic.com,有産婦人科,月・火・金 9:30-18:30 水・木・土 9:30-13:00,有
医療法人社団光樹会 白山レディースクリニック,112-0001,文京区白山5-36-9 白山麻の実ビル9F,03-5689-3070,http://hakusanladies.com/,有,平日 9:30-13:00 14:30-18:15土  9:30-13:00,有
基本情報,,,,,,,
施設名,郵便番号,住所,電話番号,ウェブサイトURL,産科、婦人科又は産婦人科の標榜の有無,医療機関における緊急避妊にかかる対面診療への対応可能時間帯,常時の緊急避妊薬の在庫の有無
まの産婦人科,170-0005,豊島区南大塚2-25-9 田口ビル1F,03-5940-0303,http://mano-sanfujinka.holy.jp,有産婦人科,月・水 12:00-19:00 火・土 9:00-14:00木・金 9:00-19:00,有5人分
医療法人社団 宜興会 西池袋  秀クリニック,171-0021,豊島区西池袋1-2-1 クリフィックス スクエア2F,03-5952-0066,www.syu-clinic.com,有,月・水・木・土 10:00-13:30 16:00-18:30日・祝 10:00-13:30 15:00-17:30,有
医療法人社団芳精会 ぬかりやレディスクリニック,171-0022,豊島区南池袋1-16-20 ぬかりやビル8F,03-3971-1131,http://www.nukariya-1c.com,有,平日9:00-11:30 14:00-17:30土 9:00-12:30,有
医療法人社団雄秀会 池袋クリニック,171-0021,豊島区西池袋2-35-8,03-3982-6228,https://www.ikecli.com,有,月・火・木・金 10:00-12:30 15:00-19:00土  10:00-13:00,有
クリニカ・アンジェラ,170-0002,豊島区巣鴨2-9-3 田中ビル303,090-9200-8553,,有,月・火 15:00-19:30日   12:00-19:30,有
安康レディースクリニック,171-0014,豊島区池袋2-42-3 オスカービル2F,03-3971-3544,www.ankoladies.com,有産婦人科,平日 10:00-13:00 15:30-19:00土   10:-00-14:00,有
山手大塚レディスクリニック,170-0004,豊島区北大塚2-13-1 G・H・Yビル7F,03-5907-6158,https://www.yamateladies.jp,有,火 10:00-20:00 水 9:00-19:00木 10:00-19:00 金 9:00-20:00土 9:00-18:00,有
駒込山王クリニック,170-0003,豊島区駒込1-37-10 駒信インテリジェントビルディング1F,03-6304-1839,www.ksannoh.com,有,平日 9:30-12:30 15:30-21:00土   9:00-12:30,有
医療法人社団育和会 長橋産婦人科,171-0051,豊島区長崎2-5-7,03-3959-0351,http://www.e-ladys-climic.com/,有,月・水・土 9:00-12:30 15:00-18:30火・金   9:00-12:30,有
医療法人社団白ゆり会 しのざきクリニック,171-0051,豊島区長崎5-1-31 豊島ハイツ201,03-5966-2249,,有,火・木・金 12:30-18:00 水 15:00-19:00土 10:00-12:30,有
医療法人社団愛慈会松本レディースリプロダクションオフィス,170-0013,豊島区東池袋1-41-7 池袋東口ビル7階,03-6907-2555,,有,,有
板橋医院,114-0023,北区滝野川7-8-12,03-3916-5670,http://itabashi-iin.com/,有,月・火・水・木・金 9:00-12:00月・火・水・金   15:00-19:00 木 15:30-19:00,有
赤羽駅前女性クリニック,115-0045,北区赤羽1-13-1 ミドリヤビル4F,03-6903-9090,https://akabane-ekimaecl.com,有,平日 9:20-18:00 土 9:20-14:00,有
スワンレディースクリニック,114-0002,北区王子4-27-7,03-5944-6028,http://www.swan-lc.com/clinic.html,有,月・水・土 9:00-11:30 13:00-15:30火・木・金 9:00-11:30,有
医療法人社団生和会 赤羽レディースクリニック,115-0045,北区赤羽2-13-1 花川ビル2F,03-5249-5651,http://www.akabaneladys.jp/,有,月・火・木・金 9:00-19:00水・土      9:00-13:00,有
医療法人社団愛由会 中野レディースクリニック,114-0002,北区王子2-30-6 末永ビル3F,03-5390-6030,https://nakano-ladies.com/,有,月・火・木 9:30-12:30 14:30-18:00金 9:30-12:30 土9:30-12:30 14:00-17:00,有
岩瀬クリニック,114-0013,北区東田端1-14-1 田端クリニックモール4F,03-3809-6555,www.iwase-clinic.com,有,月・火・水・金 9:00-12:00 16:00-18:30土 9:00-12:00,無
女性とこころのクリニック,116-0001,荒川区町屋1-1-9 メディカルセンターMedium町屋4F,03-5855-1233,www.josei-kokoro.jp,有,月・水・木・金 10:00-13:00 15:00-18:30,有
あらかわレディースクリニック,116-0001,荒川区町屋1-8-8,03-6807-8867,http://www.arakawalc.jp,有,月・水・木・金 9:00-17:00 火・土 9:00-12:00,有
吉田医院,116-0014,荒川区東日暮里4-36-23 吉田ビル2F,03-3891-5760,http://www.yoshida-iin.net/,有,平日 8:30-16:00,有
基本情報,,,,,,,
施設名,郵便番号,住所,電話番号,ウェブサイトURL,産科、婦人科又は産婦人科の標榜の有無,医療機関における緊急避妊にかかる対面診療への対応可能時間帯,常時の緊急避妊薬の在庫の有無
医療法人社団SJS 金子レディースクリニック,182-0021,調布市調布ケ丘3-19-13,042-426-7800,in50@kaneko-ladies.com,有,月・火・水・木・金・土 9:00-12:00月・火・木・金・土 14:00-17:00,有
医療法人社団東仁会 つつじヶ丘神代クリニック,182-0006,調布市西つつじケ丘4-15-5,042-443-2246,https://www.zenjinkai-group.jp/tojinkai/clinic/jindai,有,月・火・金 9:00-18:00水・土    9:00-12:00,有
よこすかレディースクリニック,182-0002,調布市仙川町1-20-16 ヴィバーチェ仙川2F,03-5315-5686,http://www.yokosukalc.com/,有産婦人科,月・火・水・金 9:00-12:30 15:00-18:30土  9:00-13:30,有
調布レディースクリニック,182-0026,調布市小島町1-5-6 アールアンドエスビル2F,042-480-1050,http://chofu-lc.jp/,有,平日 10:00-13:00 15:00-18:00土   10:00-13:00 15:00-17:00,有
尾崎医院,194-0013,町田市原町田4-12-6,042-722-3321,https://www.ozakiclinic.jp,有,月・火・水・金 9:00-12:00 15:00-17:30土 9:00-12:00,有
町田東口クリニック,194-0022,町田市森野1-35-8 ヴィンテージ2 3F,042-721-8855,https://www.machida-higashiguchi-clinic.com/clinic,有産婦人科,月・火・木 10:00-12:30 16:00-20:30金  15:00-20:30土・日・祝 10:-12:30 13:30-16:00,有
医療法人社団誠裕會 鶴川レディースクリニック,195-0053,町田市能ケ谷3-1-5,042-737-7271,http://www9.plala.or.jp/tsurukawa-lds/,有,月・火・木・金 10:00-13:00 15:00-18:30水 15:00-18:30 土 9:00-12:30,有
医療法人社団菜の花会町田産婦人科 菜の花クリニック,194-0045,町田市南成瀬7-14-1,042-728-1101,http://www.machida-nanohana-cl.jp/index.html,有,平日・土  9:00-17:00,有
医療法人社団公人会 みむろウィメンズクリニック,194-0013,町田市原町田1-7-17 ガレリア町田ビル3F,042-710-3609,http://mimuro-cl.com,有,月・水・金 9:00-11:30 14:00-16:30火・木・隔週土 9:00-11:30インターネットより完全予約,有
ひろいウィメンズクリニック,194-0022,町田市森野1-19-13 RINSBOX2F・3F,042-850-9027,,有,平日 9:00-18:00 土  9:00-17:00日   9:00-10:30,有
医療法人社団せいこう会小金井婦人科クリニック,184-0004,小金井市本町6-13-18 コスモスビル3F,042-316-3824,http://koganeifujinka.jp/,有,火・水・金・土 9:00-13:00 15:00-18:00木  9:30-11:30,有
医療法人社団鶴亀会 小金井つるかめクリニック,184-0004,小金井市本町6-14-28 アクウェルモール3F,042-386-3757,http://koganei.tsurukamekai.jp,有,月・火・水・金・土 8:45-17:30木  8:45-12:00,有
花小金井レディースクリニック,187-0003,小平市花小金井南町1-19-3 SORA1階,042-497-5218,https://www.hanako-ladies.com,有,月・水・木・金 9:00-12:00 14:00-17:30土 9:00-12:00,有
医療法人輝 ジュンレディースクリニック小平,187-0044,小平市喜平町1-14-20,042-329-4103,http://www.jun-lc-kodaira.com/,有,平日・土 9:00-12:00 14:00-16:00,有
みなみ野レディースクリニック,192-0917,八王子市西片倉3-1-4 第2みなみ野クリニックセンター4F,042-632-8044,http://www.minaminolc.jp/,有,月・火・水・金 10:00-12:50 15:30-18:50木・土 10:00-12:50,有
大川産婦人科医院,191-0062,日野市多摩平3-14-4,042-586-1061,http://www.ohkawa-medical.jp/,有,受付時間 月・水・土 8:00-12:00 13:30-16:00火・金    8:00-12:00,有
産婦人科コンチェルト,191-0012,日野市日野2949-4,042-586-1103,http://concerto-lc.jp/,有産婦人科,平日 9:00-16:00土   8:30-12:00,有
医療法人社団つつじ会 くぬぎ産婦人科,189-0014,東村山市本町1-22-24,042-395-3331,https://kunugi-lc.com,有,火・水・金・土 9:00-12:00  14:00-17:00日        9:00-12:00,有
医療法人社団レニア会 武谷ひまわりウィメンズクリニック,189-0014,東村山市本町2-3-21 東村山第3赤澤ビル3F,042-398-4103,http://www.cl-himawari.com,有,平日 9:00-12:00 14:00-16:00土   9:00-12:00,有
医療法人社団陽光会 石川てる代ウィメンズクリニック,185-0021,国分寺市南町3-1-28 飛べない飛行船パート2,042-324-9661,,有婦人科,月・火・水・金 8:30-12:00 14:30-18:00土  8:30-12:00,有
基本情報,,,,,,,
施設名,郵便番号,住所,電話番号,ウェブサイトURL,産科、婦人科又は産婦人科の標榜の有無,医療機関における緊急避妊にかかる対面診療への対応可能時間帯,常時の緊急避妊薬の在庫の有無
東陽すずらんレディースクリニック,135-0016,江東区東陽4-8-21 TSK第2ビル3F,03-5926-5688,,有産婦人科,月・火・木・金・土 10:00-12:30月・火・木・金   15:30-19:00 予約制,有
江クリニック,141-0032,品川区大崎5-7-14 五反田ロイヤルハイツ101,03-3491-3073,,有,月・火 9:00-13:30  水・金 15:00-18:30土 9:00-13:30,有
不動前レディースクリニック,141-0031,品川区西五反田5-11-13,03-3779-8711,https://fudomae.webnode.jp/,有,月・火・水・木・金・土 10:00-13:00月・火・木・金      15:00-19:00,有
らんレディースクリニック,141-0001,品川区北品川6-5-27 セントラル品川御殿山6F,03-5792-5617,https://www.ran-ladies.com/,有,月・火・木・金 9:30-12:30 14:00-17:30土  9:30-14:00,有
さがらレディスクリニック,141-0021,品川区上大崎3-14-35 山手ビル1F,03-5793-1400,https://sagara-clinic.com/,有,月・金 9:00-12:00 14:00-17:30水 14:00-17:30 木 9:00-12:30,有
角レディースクリニック,140-0011,品川区東大井5-2-3おおい元気館302,03-5715-3883,,有産婦人科,平日 9:30-12:30 15:00-18:00土  9:30-12:30,有
医療法人社団雙葉会 はなおかレディースクリニック,140-0003,品川区南大井6-17-15 第二タジマビル3F,03-5767-5285,https://www.hanaoka-ladiescclinic.com/,有,月・水・木・金 9:30-13:00 月 16:00-19:00水・木・金 15:00-19:00 土 9:30-16:00予約制,有
医療法人社団JSK 田中レディスライフクリニック,153-0063,目黒区目黒3-10-2,03-3793-1997,https://tanaka-ladies.com/,有,平日 9:30-12:00 15:00-18:30土   9:30-13:30,有
中目黒レディースクリニック,153-0051,目黒区上目黒1-16-8 クリスタルビル2F,03-3760-4664,https://www.nakameguro-lc.com/,有,月・火・木・金 9:30-18:00土      9:30-12:30,有
森田レディスクリニック,153-0061,目黒区中目黒1-1-18 イーストヒル2F,03-3760-0256,morita-ic.com,有,月・火・水・金 9:30-17:30木・土      9:30-12:30,有
医療法人社団晴晃会 育良クリニック,153-0051,目黒区上目黒1-26-1 中目黒アトラスタワー4階・5階,03-3792-4103,https://www.ikuryo.or.jp/,有,平日 9:00-18:00  土 9:00-16:00日   9:00-11:00,有
磯村クリニック,152-0023,目黒区八雲1-10-17,03-3723-8841,www.is-clinic.com,有,月・金 9:00-12:00 15:00-18:00火・木 15:00-18:00 土 9:00-12:30,有
医療法人社団七花会 平田クリニック,152-0032,目黒区平町1-26-20,03-3717-7256,http://www.hi-gym.jp,有,月・水・木・金 9:00-13:00 15:00-19:00火  9:00-13:00土  9:00-13:00  15:00-17:00,有
イノウユキコ婦人クリニック,152-0001,目黒区中央町1-8-15 アパートメントイラカ1階,03-3760-0810,https://www.inou-cl.com/,有,月・火・水・金 10:00-11:30 15:00-18:30土  10:00-11:30,有
医療法人社団 徳真会 とくおかレディースクリニック,152-0031,目黒区中根1-3-1 三井住友銀行都立大学駅前ビル6F,03-5701-1722,http://www.tokuoka-ladies.com,有,月・火・水・金 10:00-13:00 15:00-19:00土  9:00-12:00,有
桜ウィメンズクリニック,152-0004,目黒区鷹番2-15-18 パル学芸大1F,03-5720-5121,https://sakura-w.jp/,有,火・水・木・金 9:00-16:30土 9:00-14:00 (第1婦人科休診),有
祐天寺ウィメンズヘルスクリニック,153-0052,目黒区祐天寺2-7-23 ラポルト祐天寺202,03-5708-5081,https://satoh-womenshealth.com/,有,月・火 8:00-12:30 15:00-18:00木 9:00-12:30 15:00-19:30金 9:00-12:30 15:00-19:00,有
自由が丘ちあきレディースクリニック,152-0034,目黒区緑が丘2-24-15 コリーヌ自由が丘EST1階B,03-3723-1117,https://chiaki-lc.jp,有,平日 9:30-12:30 15:00-18:30土 9:30-13:00,有
医療法人社団香潤会 かおりレディースクリニック,152-0004,目黒区鷹番3-11-8 コート鷹番2F,03-5704-2856,https://www.kaori-lc.jp/,有,平日 10:00-13:00 15:00-17:30土 10:00-13:00 15:00-17:30 第2土 10:00-12:30,有
産婦人科野口医院,143-0016,大田区大森北4-25-5,03-3761-1331,www.myclinic.ne.jp〉noguchi,有,月・火・木・金 9:00-12:00 16:00-19:00土     9:00-12:00,有
基本情報,,,,,,,
施設名,郵便番号,住所,電話番号,ウェブサイトURL,産科、婦人科又は産婦人科の標榜の有無,医療機関における緊急避妊にかかる対面診療への対応可能時間帯,常時の緊急避妊薬の在庫の有無
泉ウィメンズクリニック,107-0062,港区南青山5-4-3 南青山泉ビル3F,03-3400-1213,http://izumi-womenns.jp/,有婦人科,平日 9:00-17:40土   9:00-12:40,有
ピンクリボン ブレストケアクリニック 表参道,107-0061,港区北青山3-6-19 バイナリー北青山2F,03-3407-7373,http://pinkribbon-brestcure.com/,有,月・火・水・金 10:00-19:00木・土      9:30-17:30,有
白金高輪海老根ウィメンズクリニック,108-0074,港区高輪1-2-17 高輪梶ビル5F,03-5789-2590,http://ebine-womena-clinic.com,有,平日 8:30-19:00土・日・祝 8:30-17:00,有
医療法人社団清陵会 丸茂レディースクリニック,106-6004,港区六本木1-6-1 泉ガーデンタワー4F,03-5575-5778,http://www.marumo-ladies.jp,有,月・火・水・金 10:00-13:00 15:00-18:00土 10:00-13:00 15:00-17:00,有
美馬レディースクリニック,107-0052,港区赤坂3-13-13 中村ビル4F,03-6277-7397,http://www.mima-ladies.com/,有,月・火・水・金 10:00-19:00土      10:00-14:00,有
お台場海浜公園 虹橋クリニック,135-0091,港区台場2-2-4 台場クリニックモール2F,03-3529-2284,,有婦人科,平日 10:00-13:30 15:00-17:00土   10:00-13:00,有
医療法人社団オリーブ会オリーブレディースクリニック麻布十番,106-0045,港区麻布十番1-5-18 カートブラン麻布十番3F,03-6804-3208,http://oliveladies.com/azabu/,有,平日 9:00-18:00 土・日 9:00-16:00,有
社会福祉法人恩賜財団母子愛育会総合母子保健センター 愛育クリニック,106-8580,港区南麻布5-6-8,03-3473-8310,http://www.aiiku.net/clinic/,有,平日 9:00-12:00,有
浜松町大門レディースクリニック,105-0013,港区浜松町2-2-15 浜松町ゼネラルビル8F,03-6403-4105,http://www.hamadai-ladies.com,有産科・婦人科,平日 11:00-20:00土   11:00-16:00,有
高輪台レディースクリニック,108-0074,港区高輪3-8-17 TK高輪ビル3F,03-3441-1377,http://takanawadai-lc.com/,有,平日 10:00-13:00 15:00-18:00土   10:00-15:00,有
ジェネラルクリニック,106-0032,港区六本木6-1-8 六本木グリーンビル8F,03-3401-0333,http://general-clinic.tokyo,有婦人科,平日 10:30-18:30 土 11:00-19:00(不定休)日 11:00-19:00,有
赤坂虎の門クリニック,107-0052,港区赤坂1-8-1 赤坂インターシティAIR地下1F,03-3583-8080,https://akatora-clinic.com,有,月・火・木・金 8:30-13:00 14:00-16:30,有
東京AMHクリニック銀座,105-0004,港区新橋1-9-5 新橋M-SQUARE Bright 2F,03-3573-4124,www.amh.clinic,有,月・火・水・木 9:00-12:00 15:00-19:00水・土・祝  9:00-12:00,有
医療法人社団セイント会セイントメディカルクリニック,107-0062,港区南青山2-4-12 南青山アサヒビル3F,03-5772-6881,http://www.saint.or.jp,有婦人科,月・火・木・金 10:30-14:00 16:00-20:00水 16:20:00 土 10:30-14:00 完全予約制,有
医療法人社団宗友会パークサイド広尾レディスクリニック,106-0047,港区南麻布5-1-11 Qiz広尾3F,03-5798-3470,http://www.ladies-clinic.or.jp/,有,月・火・水・金 9:30-18:00土  10:00-17:00,有
医療法人社団ケアリージェンシー 六本木ヒルズクリニック,106-6106,港区六本木6-10-1 六本木ヒルズ森タワー6階,03-3796-0066,http://www.66clinic.com/,有,月・火・水・木 10:00-12:30 14:30-17:30金  10:00-12:30,有
医療法人社団神徳会 芝公園かみやまクリニック,105-0014,港区芝2-9-10 ダイユウビル1F,03-6414-5641,s-kamiyamaclinic@jcom.home.ne.jp,有,月・火・金 10:00-13:00 16:00-18:30水 10:00-13:00 16:00-17:00木 16:00-18:00  土 10:00-13:00,有
麻布十番つのだレディースクリニック,106-0045,港区麻布十番2-20-7 稲川ビル4F,03-5730-1115,kanja.jp/020914.html,有,火・水・木・金 11:00-17:00土  11:00-15:00,有
医療法人社団 いわきたえこレディースクリニック,105-0004,港区新橋1-18-19 キムラヤオオツカビル3F,03-3593-6321,http://iwaki-lc.jp,有,月・水・木 11:00-13:30 16:00-19:30火・金・土 11:00-13:30,有
アヴェニューウィメンズクリニック,106-0032,港区六本木7-14-7 トリニティビル4F,0120-766-649,https://www.aw-clinic.com,有,平日 11:00-20:00 日 11:00-20:00,有
基本情報,,,,,,,
施設名,郵便番号,住所,電話番号,ウェブサイトURL,産科、婦人科又は産婦人科の標榜の有無,医療機関における緊急避妊にかかる対面診療への対応可能時間帯,常時の緊急避妊薬の在庫の有無
医療法人社団 寺内医院,165-0026,中野区新井5-31-1,03-3386-2267,www.terauchi-iin.com,有,月・水・金 8:45-11:30 13:45-16:30木・金  8:45-11:30,有
野原産婦人科クリニック,164-0002,中野区上高田3-39-12,03-3386-2525,,有産婦人科,平日  9:00-12:00 15:00-18:00木・土  9:00-12:00,有
川勝医院,165-0026,中野区新井1-37-3,03-3386-3351,,有,月・火・水・金・土 9:00-12:00,有
医療法人社団赤恵会 赤川クリニック,167-0043,杉並区上荻1-24-6,03-3391-6694,http://akagawaclinic.jp,有,月・水i・木・金 9:00-12:00 15:00-18:00火・土  9:00-12:00,有
医療法人社団杉四会 杉山産婦人科,156-0041,世田谷区大原1-53-1,03-5454-8181,,有,平日 9:00-12:00 14:00-16:00土   9:00-12:00,有
河西産婦人科皮膚科医院,168-0073,杉並区下高井戸5-4-21,03-3304-3508,http://kawanishi-sanfu.jp/,有,月・火・水・金・土 9:30-12:30火・水 14:30-18:30  月・金 14:30-17:00,有
医療法人社団北嶺会 林医院,166-0002,杉並区高円寺北2-35-13,03-3338-6826,,有,月・水・金・土 8:30-11:30 火・木 18:00-19:00,有
市川クリニック,166-0002,杉並区高円寺北2-4-8,03-3337-2723,,有産婦人科,月・水・金 17:30-21:00,有
医療法人社団碩和会 下平レディスクリニック,166-0003,杉並区高円寺南1-4-12,03-5377-0834,https://www.shimodaira-ladies.com/,有,平日 8:45-18:00 土 8:45-14:00時間外は緊急電話にて対応可能,有
医療法人社団 窪田クリニック,166-0002,杉並区高円寺北3-25-20 S・Kビル1階,03-6265-5791,www.sugi-kubota.com/,有婦人科,平日 10:00-12:40土   10:00-12:30,有
アトラスレディースクリニック,166-0002,杉並区高円寺北2-6-4 泉ビル3F,03-5327-6710,https://www.atlas-ladies.com,有,火・水・木・金 10:00-12:30 15:00-18:00土 10:00-13:30,有
こみちレディースクリニック,167-0051,杉並区荻窪5-27-5 中島第二ビル5F,03-5335-7575,https://komichi-lc.jp/,有婦人科,月・火・木・金 9:00-12:00 15:00-19:00水 9:00-12:00 土  9:00-13:00,有
あおきウィメンズクリニック,166-0004,杉並区阿佐谷南1-48-10 高橋ビル3F,03-5305-3535,http://www.aoki-womens.com/,有産婦人科,月・火・木・土 9:00-12:30 14:00-17:00金  9:00-12:30,有
一般財団法人労働衛生協会 高井戸東健診クリニック,168-0072,杉並区高井戸東2-3-14,03-3331-6823,http://www.rodoeisei.or.jp,有,受付時間 平日 9:00-11:3014:00-15:00,有2回分
きせきレディースクリニック,168-0065,杉並区浜田山3-34-3,03-5316-3949,http://www.kiseki-lc.jp,有,平日 9:00-12:00 15:00-18:00土   9:00-12:00,有
医療法人社団新宿レディースクリニック会 池袋レディースクリニック,170-0013,豊島区東池袋1-10-1 住友池袋駅前ビル3F,03-6911-1971,https://www.ikebukuro-fujinnka.jp/,有産婦人科,平日・土・日・祝 9:30-19:00,有
医療法人社団朱紡会 巣鴨レディースクリニック,170-0002,豊島区巣鴨2-5-12 真野ビル2F,03-3916-2262,https://sugamo-lc.jp/,有,月・木・土 10:00-13:00 15:00-18:00火 10:00-13:00  金 15:00-19:00,有
医療法人社団しらゆきジャスミンレディースクリニック池袋,170-0013,東京都豊島区東池袋1-2-2 東池ビル5階,170-0013,https://jlc.tokyo/,有,月・火・水・金・土曜 11:00-14:00  16:00-20:00,有
医療法人社団祐喜会 加塚医院,170-0003,豊島区駒込2-5-5,03-3910-3811,https://www.kazuka.jp/,有,月・火・木・金 9:30-17:30土・日・祝   9:30-12:30,有
医療法人社団絆 アーバンハイツクリニック,170-0002,豊島区巣鴨1-16-2 アーバンハイツ巣鴨B棟1階,03-3946-6721,https://www.urban-heights-clinic.jp/,有,月~土 9:00-12:30,有
基本情報,,,,,,,
施設名,郵便番号,住所,電話番号,ウェブサイトURL,産科、婦人科又は産婦人科の標榜の有無,医療機関における緊急避妊にかかる対面診療への対応可能時間帯,常時の緊急避妊薬の在庫の有無
用賀レディースクリニック,158-0098,世田谷区上用賀3-8-11,03-5491-5137,http://www.llyoga-lady.com,有,平日 9:30-19:00,有
ナガイクリニック,158-0083,世田谷区奥沢5-19-14,03-5731-9557,www.drnagais-clinic.com,有婦人科,平日・土・日・祝 10:00-18:00予約制,有
医療法人社団ひつじ会三軒茶屋メリーレディースクリニック,154-0004,世田谷区太子堂2-15-1 野村三軒茶屋ビル2F,03-5433-1162,http://merry-ladies-clinic.com/,有,平日 9:30-19:00土   9:00-12:30,有
医療法人社団藤慶会 藤沢クリニック,157-0067,世田谷区喜多見8-18-10 小泉ビル1F,03-5727-1212,https://fujisawa-clinic.com/,有産婦人科,平日 9:00-17:30土   9:00-12:00,有
成城マタニティクリニック,157-0066,世田谷区成城1-1-2,03-5727-5335,https://www.seijo-mc.com/,有,月・火・水・金 9:00-17:00土  9:00-12:30,有
菊池産婦人科,156-0051,世田谷区宮坂3-29-1,03-3420-0727,https://kikuchisanfujinka.com/sp/index.html,有,月・火・水・金 9:00-12:00 15:00-18:00土  9:00-12:00 13:00-14:00,有
こまざわレディースクリニック,154-0012,世田谷区駒沢1-19-8 アーバネスト駒沢2F,03-6805-2881,www.kpmazawa-ic.com,有,月・火・水・木 9:00-12:00 15:00-19:00,有
めぐみウィメンズクリニック,156-0051,世田谷区宮坂3-13-6 すずらん会館202,03-5426-1177,http://www.megumi-w-clinic.com,有,"平日9:00-11:30,15:00-17:30,土曜 9:00-11:30",有
池ノ上産婦人科,155-0031,世田谷区北沢1-41-6,03-3467-4608,https://www.sanfujin.com/,有,平日 9:00-16:00土   13:30-16:00,有
依田レディスクリニック,155-0031,世田谷区北沢2-26-3 小川ビル2階,03-3469-0828,http://www.yoda-clinic.com/,有,月・火・木・金 10:00-12:30 14:00-17:00土 10:00-12:30 14:00-16:30(午後のみ予約制),有
医療法人社団 青木産婦人科医院,156-0044,世田谷区赤堤5-30-15,03-3327-0702,http://aoki-sanfujinka.jp,有,月・火・水・金 9:00-11:45 15:00-17:45木・土 9:00-11:45,有
ユリクリニック,156-0054,世田谷区桜丘2-25-3,03-3706-8224,,有,平日 10:00-18:00 土 10:00-12:00,有
医療法人社団 冬城産婦人科医院,158-0081,世田谷区深沢6-20-8,03-3701-5681,https://www.fuyukilc.or.jp,有,月・火・水・金 9:00-12:00 14:00-18:00木・土 9:00-12:00,有
せきぐちクリニック,156-0055,世田谷区船橋1-16-1,03-3429-4181,www.sekiguchi-clinic.net,有,月・火・木・金 8:30-17:30,有
広尾レディース,150-0013,渋谷区恵比寿1-12-1 CRD Ebisu-1st 5F,03-5447-2900,http://www.hiroo-ladies.com,有,平日 10:00-13:00 14:30-19:00土   10:00-14:00,有
医療法人社団雄秀会 渋谷文化村通りレディスクリニック,150-0043,渋谷区道玄坂2-23-12 フォンティスビル5階,03-5428-6118,https://www.shibuya-bunkamuradori-ladies.jp/,有,月・水・木 10:00-13:00 15:0-19:00土・日   10:00-15:00,有
よよぎ女性診療所,151-0063,渋谷区富ケ谷1-8-3 安達ビジネス・パーク・ビル4F,03-6804-8839,https://yoyogi-josei-45.com,有,月・火・水・金 9:30-12:30 15:00-19:00土 9:30-14:00,有
医療法人社団霞山会 MYメディカルクリニック,150-0042,渋谷区宇田川町20-17 NMF渋谷公園通りビル5F,03-6452-5100,https://www.mymc.jp,有婦人科,平日 9:00-12:00 13:00-16:30 18:00-20:15土 9:00-12:00 13:00-16:30,有
医療法人社団新宿レディースクリニック会 渋谷レディースクリニック,150-0002,渋谷区渋谷1-7-7 住友不動産青山通ビル2F,03-3346-1971,https://www.shibuya-ladies.jp/,有産婦人科,平日・土・日・祝 9:30-19:00,有
医療法人社団しらゆきジャスミンレディースクリニック渋谷,150-0002,渋谷区渋谷1-14-9 藤和宮益坂ビル10F,03-5778-3803,https://jlc.tokyo,有,平日・土 11:00-14:00 16:00-20:00,有
基本情報,,,,,,,
施設名,郵便番号,住所,電話番号,ウェブサイトURL,産科、婦人科又は産婦人科の標榜の有無,医療機関における緊急避妊にかかる対面診療への対応可能時間帯,常時の緊急避妊薬の在庫の有無
千絵レディースクリニック代々木上原,151-0066,渋谷区西原3-13-16 パリス代々木上原2F,03-5466-2277,www.chielc.com,有産婦人科・産科・婦人科,月・水 8:00-13:00 火・木 11:00-18:00金    8:00-11:00 隔週土 8:00-11:00,有
斉藤医院,150-0013,渋谷区恵比寿3-45-13,03-3441-9628,,有,月・火・水・金 10:00-13:00 15:00-18:00木・土 15:00-18:00,有
医療法人社団 敬亮会 木村レディスクリニック,150-0021,渋谷区恵比寿西1-19-6,03-3463-8832,https://www.kimura-ladies.com,有,平日 8:50-10:30 13:50-17:30土  8:50-10:30,有
医療法人社団 新宿ウイメンズクリニック,151-0053,渋谷区代々木2-11-20 島津ビル3F,03-3370-5719,http://www.sinjuku-womens-clinic.com/,有,月・水・木 10:00-13:00 14:00:18:00火・金 10:00-13:00 14:00-19:00 土10:00-13:00,有
医療法人社団健豊会 西島クリニック,150-0002,渋谷区渋谷3-9-9東京建物渋谷ビル2階,03-3400-3637,https://nishijima-lc.com/,有,月・火・木・金 9:00-11:30 14:00-17:00土  9:00-11:30,有
こんどうクリニック,150-0002,渋谷区渋谷3-18-5 佐藤エステートビル新館5F,03-3400-4111,www.kondou.clinic.com,有婦人科,月・火・水・金 10:00-12:40 16:00-19:40木  16:00-19:40,有
篠原クリニック,151-0073,渋谷区笹塚3-58-18,03-3377-6633,http://scl.la.coocan.jp/,有,月・火・金 9:30-12:30 16:00-18:30水 9:30-12:30 16:00-17:30 土 9:30-12:30,有
東クリニック,151-0073,渋谷区笹塚1-30-3 ビラージュ笹塚3 4F,03-3481-0380,,有,月・火・木・金 9:30-11:00 14:30-18:00土  9:30-11:00,有
医療法人社団ひさわ会 久野マインズタワークリニック,151-0053,渋谷区代々木2-1-1 新宿マインズタワー2階,03-3370-5906,https://www.hisano-clinic.com/,有,平日・土  11:30-17:00,有
医療法人社団鳳凰会 フェニックスメディカルクリニック,151-0051,渋谷区千駄ケ谷3-41-6,03-3478-3535,http://www.phoenix.gr.jp,有,平日 9:00-18:00  土 9:00-13:00,有
代官山レディースクリニック,150-0033,渋谷区猿楽町23-7,03-5458-0393,,有,月・火・水・金・土 10:00-12:3014:30-17:30,有
ともこレディースクリニック表参道,150-0001,渋谷区神宮前4-11-6 表参道千代田ビルB2F,03-5771-3781,https://tomokoclinic.com,有,月・水・木 9:30-17:00 金 14:0-17:00土 9:30-13:00 (不定休),有
渋谷橋レディースクリニック,150-0011,渋谷区東3-15-12 第2アワヤビル2F,03-3409-0609,http://shibuyabashi-ladys.com/,有,火・水・木 10:00-13:00 14:30-17:0018:00-21:00金・土   10:00-13:00 14:30-17:00,有
酒井医院,164-0003,中野区東中野3-6-13,03-3371-6730,,有,平日 8:00-12:00 15:00-19:00土   8:00-12:00 15:00-18:00,有
白石医院,164-0014,中野区南台2-18-10,03-3384-5255,,有,月・火・木・金 9:00-12:00 15:00-18:00水・土     9:00-12:00,有
医療法人社団千房会 新中野女性クリニック,164-0012,中野区本町4-48-23,03-3384-3281,http://www.snwomen.net/,有産婦人科,月・火・木・金 10:00-12:30 15:00-19:00水・土      10:00-12:30,有
山田医院,164-0001,中野区中野2-14-17,03-3384-3555,http://www.nakano-med.or.jp,有,月・火・木・金・土 9:00-12:00火・金 15:00-17:30,有
牧野産婦人科クリニック,164-0012,中野区本町2-46-1 サンブライトツイン3F,03-5350-3521,http://makino-shc.jp/,有,月・火・水・金 9:30-13:30 16:00-19:00木・土 9:30-13:30,有
医療法人社団 けい子レディースクリニック表参道,150-0001,渋谷区神宮前5-45-8 ノースアオヤマ2F,03-5766-3367,www.keiko-clinic.net,有,火・水・木・金 10:00-13:15 15:00-18:30土 10:00-16:00 事前予約,有
医療法人社団MEDIAGEメディアージュクリニック青山,150-0001,渋谷区神宮前5-51-8 ラ・ポルト青山7F,03-5464-6110,https://www.mediage-ladies.jp/,有,平日 11:00-20:00土・日・祝 11:00-20:00,有
基本情報,,,,,,,
施設名,郵便番号,住所,電話番号,ウェブサイトURL,産科、婦人科又は産婦人科の標榜の有無,医療機関における緊急避妊にかかる対面診療への対応可能時間帯,常時の緊急避妊薬の在庫の有無
医療法人社団明芳会 板橋中央総合病院,174-0051,板橋区小豆沢2-12-7,03-3967-1181,https://www.ims-itabashi.jp/,有,平日 8:00-11:30,有
板橋区医師会病院,175-0082,板橋区高島平3-12-6,03-3975-8151,http://www.itabashi-med.jp/,有産婦人科,平日・土 8:30-11:00,無
医療法人社団成和会 産婦人科病院成増産院,175-0094,板橋区成増1-1-1,03-3975-1111,http://www.narimasu.or.jp,有,月・火・水・金・土 9:00-17:00木 9:00-12:00,有
順天堂大学医学部附属練馬病院,177-8521,練馬区高野台3-1-10,03-5923-3111,https://www.juntendo.ac.jp/hospital_nerima/,有,24時間,有
医療法人社団 久保田産婦人科病院,178-0063,練馬区東大泉3-29-10,03-3922-0262,https://www.kubota-hosp.jp/,有,平日 9:00-11:30 14:00-16:30土   9:00-11:30,有
医療法人社団苑田会 苑田第一病院,121-0813,足立区竹の塚4-1-12,03-3850-5721,http://www.sonodakai.or.jp/shisetu/so1.html,有,平日 9:00-12:00 土 9:00-12:00,有
医療法人社団向日葵会まつしま病院,132-0031,東京都江戸川区松島1-41-29,03-3653-5541,http://www.matsushima-wh.or.jp/,有,平日9-17時・土曜日9-13時,有
医療法人社団理弘会 岩倉病院,133-0056,江戸川区南小岩7-28-4,03-3659-3215,https://www.iwakura-byoin.com/,有,平日 9:00-18:45 土 9:00-16:45,有
医療法人社団 米山産婦人科病院,192-0065,八王子市新町2-12,042-642-5225,http://www.yoneyama-hp.jp,有,平日・土・日・祝 9:00-17:00,有
医療法人社団 大聖病院,197-0011,福生市福生871,042-551-1311,,有,月・火・水・木 9:00-16:00金・土 9:00-12:00,有
公立福生病院,197-8511,福生市加美平1-6-1,042-551-1111,www.fussahp.jp,有,24時間,有
稲城市立病院,206-0801,稲城市大丸1171,042-377-0931,http://www.hospital.inagi.tokyo.jp,有,平日 8:30-17:00,有
医療法人財団 立川中央病院,190-0023,立川市柴崎町2-17-14,042-522-7171,http://www.tactis.or.jp,有,平日 8:30-11:30 13:00-16:00,無
社会医療法人財団大和会武蔵村山病院,208-0022,武蔵村山市榎1-1-5,042-566-3111,http://www.yamatokai.or.jp/musasimurayama/,有,月~土 8:30-11:00 受付時間,有
医療法人社団新愛会 東府中病院,183-0005,府中市若松町2-7-20,042-364-0151,http://higashifuchu-hp.jp/,有,月~土 9:00-17:00,有
医療法人社団 飯野病院,182-0024,調布市布田4-3-2,042-483-8811,http://www.iino-hospital.or.jp,有,月・火・水・金・土 9:00-11:30 13:30-16:00,有
医療法人社団桐光会 調布病院,182-0034,調布市下石原3-45-1,042-484-2626,http://www.tokokai.or.jp/,有,平日 8:20-12:30 13:30-16:00土 8:20-12:30,有
医療法人社団時正会佐々総合病院,188-0011,西東京市田無町4-24-15,042-461-1535,http://www.sasa-hospital.com/,有,平日 9:00-16:30土   9:00-12:30,有
医療法人社団レニア会 篠宮正明記念アルテミスウイメンズホスピタル,203-0054,東久留米市中央町1-1-20,042-472-6111,http://www.artemis.tokyo/,有,月・火・水・金 9:00-12:00 14:00-17:00木・土  9:00-12:00,有
一般財団法人健康医学協会附属 霞が関ビル診療所,100-6003,千代田区霞が関3-2-5 霞が関ビル3F,03-3581-6031,http://www.kenkoigaku.or.jp,有婦人科,平日 9:00-12:00 14:00-16:30,有
