0,1,2,3,4,5,6,7
基本情報,,,,,,,
施設名,郵便番号,住所,電話番号,ウェブサイトURL,産科、婦人科又は産婦人科の標榜の有無,医療機関における緊急避妊への対応可能時間帯,常時の緊急避妊薬の在庫の有無
クララクリニック,321-0124,栃木県下都賀郡壬生町壬生甲3312-1,0282-83-1311,claraclinic.jp,有,平日9:00-12:30、15:00-16:30土9:00-12:30日曜は医師が在宅している場合対応,有
獨協医科大学病院,321-0293,栃木県下都賀郡壬生町北小林880,0282-86-1111,ww2.dokkyomed.ac.jp/dep-m/ob-gy,有,月―金 8:30-17:00土、休日、夜間は緊急性に応じ対応,有
,,,,,,,
基本情報,,,,,,,
施設名,郵便番号,住所,電話番号,ウェブサイトURL,産科、婦人科又は産婦人科の標榜の有無,医療機関における緊急避妊への対応可能時間帯,常時の緊急避妊薬の在庫の有無
高橋レディスクリニック,320-0021,栃木県宇都宮市東塙田1-5-1,028-624-0130,www.takahashi-lc.or.jp,有,平日9:00-12:00、15:00-17:00土9:00-12:00、15:00-16:00,有
宇都宮中央クリニック,320-0806,栃木県宇都宮市中央1-7-1,028-636-1121,www.centralclinic.or.jp,有,平日・土曜10:00-12:00、15:00-18:00,有
平尾産婦人科医院,320-0857,栃木県宇都宮市鶴田3-1-4,028-648-5222,www.hirao.jp,有,月水金8:30-12:00、14:00-17:30水土8:30-12:00、木14:00-17:30,有
かわつクリニック,320-0867,栃木県宇都宮市大寛2-2-26,028-639-1118,kawatsu-cl.jp/,有,月火水金9:00-12:30、15:00-18:00木土9:00-12:30,有
うえの医院,320-0867,栃木県宇都宮市大寛2-5-7,028-636-8707,www.uenoiin.net,有,月火木9:30-12:30、14:30-18:30金9:30-12:30 土9:30-12:30、14:30-,有
アルテミス宇都宮クリニック,321-0118,栃木県宇都宮市インターパーク5-1-9,028-655-5600,www.auc.med-apple.co.jp,有,平日9:00-18:00土9:00-17:00,有
こいけレディスクリニック,321-0139,栃木県宇都宮市若松原3-1-2,028-688-3588,,有,月水金9:00-13:00、15:00-17:00火木土9:00-13:00,有
もちづき女性クリニック,321-0161,栃木県宇都宮市双葉1-2-1,028-678-4165,mjcl.jp,有,月火木金、9:30-12:30 15:00-18:30水土9:30-12:30,有
福泉医院,321-0924,栃木県宇都宮市下栗1-1-1,028-639-1122,,有,平日土9:00-12:00、14:30-18:00木9:00-12:00,有
高橋あきら産婦人科,321-0941,栃木県宇都宮市東今泉2-2-16,028-663-1103,,有,平日9:00-12:00、14:00-18:00水午後休診  土9:00-12:00、14:00-16:00,有
かしわぶち産婦人科,321-0971,栃木県宇都宮市海道町70-8,028-663-3715,www.babys-net.com/kasiwabuti,有,平日土曜 8:00-24:00,有
済生会宇都宮病院,321-0974,栃木県宇都宮市竹林町911-1,028-626-5500,www.saimiya.com,有,平日9:00-17:30,無
ちかざわLadies’クリニック,321-0982,栃木県宇都宮市城東1-2-5,028-638-2380,mirai-med.org,有,月水木金9:00-12:00、 15:00-17:30火土9:00-12:00,有
ゆめクリニック,321-3226,栃木県宇都宮市ゆいの杜3-14-6,028-611-1881,utsunomiya-yumeclinic.jp,有,平日、休日24時間対応可能,有
栃木産科婦人科医院,326-0047,栃木県足利市錦町14番地,0284-41-3378,,有,平日9:00-12:00、15:00-17:00木曜土曜9:00-12:00,有
浅岡医院,326-0052,栃木県足利市相生町387,0284-41-8188,www.asaokacl.jp,有,月~木9:30-12:30、 15:00-18:00金土9:30-12:30,有
田村レディスクリニック,326-0067,栃木県足利市江川町3-13-3,0284-43-3006,tamura-ladies.com,有,月火木金9:00-12:30 15:00-17:30水土9:00-12:30,有
かしま産婦人科,326-0844,栃木県足利市鹿島町501-1,0284-65-0341,www.kashimasanfujinka.jp,有,平日9:00-11:30、15:00-17:00土9:00-11:30,有
本庄記念病院,326-0831,栃木県足利市堀込町2859,0284-73-1199,,有,平日9:00-18:00 火木を除く土曜9:00-12:00,有
高田産婦人科医院,328-0053,栃木県栃木市片柳町1-17-3,0282-24-3211,,有,平日9:00-12:00、15:00-18:00木 午後 、金 休診,有
おおひらレディスクリニック,329-4406,栃木県栃木市大平町下皆川753,0282-43-8211,https://ohiraladys.com/,有,月水木土、9:00~17:00火金9:00-13:00,有
基本情報,,,,,,,
施設名,郵便番号,住所,電話番号,ウェブサイトURL,産科、婦人科又は産婦人科の標榜の有無,医療機関における緊急避妊への対応可能時間帯,常時の緊急避妊薬の在庫の有無
丸山レディースクリニック,327-0831,栃木県佐野市浅沼町804-3,0283-22-0022,,有,月火水金、9:00-12:30 16:00-18:30木土9:00-12:30 日、祝祭日休み,有
岡医院,327-0845,栃木県佐野市久保町110-1,0283-23-9118,www.okasanfujinka.or.jp,有,平日9:00-11:30、14:00-17:30木9:00-11:30土9:00-11:30 14:00-16:30,有
城山公園すずきクリニック,327-0845,栃木県佐野市久保町263,0283-22-0195,suzuki-obgy.com,有,平日8:30-12:30、15:00-18:00木土曜8:30-12:30,有
小林産婦人科医院,322-0045,栃木県鹿沼市上殿町817-5,0289-65-7788,kobayashi-sanfujinka-kanuma.com,有,月~土午前9:00-12:00月水金のみ午後15:00-18:00,有
大谷クリニック,322-0051,栃木県鹿沼市久保町1618,0289-62-2549,www.oya-d.jp/pc/,有,月水木金9:00-12:30、 15:00-18:00土9:00-12:30,有
大野医院,322-0066,栃木県鹿沼市上田町1915-4,0289-65-3661,oono-lc.net,有,平日9:00-17:00土9:00-12:00,有
亀森レディースクリニック,321-2345,栃木県日光市木和田島3046-3,0288-32-2203,www.kamemori.jp,有,月水木金9:00-12:00、 15:00-18:00土9:00-12:00,有
かわなご女性クリニック,323-0022,栃木県小山市駅東通り2-6-10,0285-25-2101,www.kawanagoclinic.jp,有,平日9:30-12:30、15:00-18:30土9:30-12:30、15:00-17:00,有
やまなかレディースクリニック,323-0028,栃木県小山市若木町2-11-20,0285-37-8020,www.yamanaka-lc.com,有,月~土9:00-12:00、 15:00-17:30水9:00-12:00 午後休診,有
樹レディスクリニック,323-0034,栃木県小山市神鳥谷5-18-15,0285-20-5505,itsuki-lc.jp,有,午前9:00-12:30、午後15:00-18:00水、土は午前のみ日祝は休診,有
芳賀赤十字病院,321-4308,栃木県真岡市中郷271,0285-82-2195,www.haga.jrc.or.jp,有,平日8:30-16:50土(第1.3)8:30-12:00,有
岡田・小松崎クリニック,321-4333,栃木県真岡市大谷本町7-17,0285-84-1941,,有,月火水金9:00-12:00、14:00-18:00木9:00-12:00 土9:00-12:00 14:00-16:00,有
西真岡アクセプト・インターナショナルクリニック,321-4341,栃木県真岡市高勢町3-203-1,0285-80-1000,http://nishimoka-accept.clinic/,有,平日AM9:00-12:00 PM15:00-17:00土日祝9:00-12:00,有
きうち産婦人科医院,329-2145,栃木県矢板市富田548-1,0287-43-5600,www.kmc.med-apple.co.jp,有,平日9:00-12:00、15:00-18:00土9:00-12:00、15:00-17:00,有
藤田産婦人科医院,325-0055,栃木県那須塩原市宮町5-19,0287-62-0115,,有,月火水金9:00-12:30、14:30-18:00木土9:00-12:30 日祭日は休診,有
石塚産婦人科,329-2752,栃木県那須塩原市三島2-14-9,0287-36-6231,www.ishizuka.or.jp,有,月火木金9:00-12:00、14:30-17:00水土9:00-12:00 日祭日は休診,有
国際医療福祉大学病院,329-2763,栃木県那須塩原市井口537-3,0287-37-2221,hospital.iuhw.ac.jp,有,平日8:30-17:00土8:30-17:00,有
さくら産院,329-1311,栃木県さくら市氏家2190-5,028-682-3000,www.sakura-sanin.or.jp,有,原則診療時間内対応緊急性に応じて夜間休日も対応,有
森島医院,329-1312,栃木県さくら市櫻野1308,028-682-2116,www.morishima-iin.com,有,月火水金9:00-18:00土9:00-17:00 木9:00-12:00,有
和田マタニティクリニック,329-0414,栃木県下野市小金井1-30-6,0285-40-5503,wada-maternity.jp,有,月火水金9:00-12:00、15:00-18:00木土9:00-12:00,有
木村クリニック,329-0434,栃木県下野市祇園1-7-7,0285-44-8211,www.kimuraclinic.co,有,月火木金9:00-12:00、15:00-17:30水9:00-12:00、土9:00-13:00,有
自治医科大学附属病院,329-0498,栃木県下野市薬師寺3311-1,0285-44-2111,www.jichi.ac.jp/hospital/top,有,平日8:30-17:00緊急性に応じて夜間休日も対応,有
